,index,iso_code,continent,location,date,total_cases,new_cases,new_cases_smoothed,total_deaths,new_deaths,new_deaths_smoothed,total_cases_per_million,new_cases_per_million,new_cases_smoothed_per_million,total_deaths_per_million,new_deaths_per_million,new_deaths_smoothed_per_million,reproduction_rate,icu_patients,icu_patients_per_million,hosp_patients,hosp_patients_per_million,weekly_icu_admissions,weekly_icu_admissions_per_million,weekly_hosp_admissions,weekly_hosp_admissions_per_million,total_tests,new_tests,total_tests_per_thousand,new_tests_per_thousand,new_tests_smoothed,new_tests_smoothed_per_thousand,positive_rate,tests_per_case,tests_units,total_vaccinations,new_vaccinations,new_vaccinations_smoothed,total_vaccinations_per_hundred,new_vaccinations_smoothed_per_million,stringency_index,population,population_density,median_age,aged_65_older,aged_70_older,gdp_per_capita,extreme_poverty,cardiovasc_death_rate,diabetes_prevalence,female_smokers,male_smokers,handwashing_facilities,hospital_beds_per_thousand,life_expectancy,human_development_index
0,7791,BRN,Asia,Brunei,2020-03-09,1.0,1.0,,,,,2.286,2.286,,,,,,,,,,,,,,,,,,,,,,,,,,,,19.44,437483.0,81.347,32.4,4.591,2.3819999999999997,71809.25099999999,,201.285,12.79,2.0,30.9,,2.7,75.86,0.853
1,7792,BRN,Asia,Brunei,2020-03-10,1.0,0.0,,,,,2.286,0.0,,,,,,,,,,,,,,,,,,,,,,,,,,,,19.44,437483.0,81.347,32.4,4.591,2.3819999999999997,71809.25099999999,,201.285,12.79,2.0,30.9,,2.7,75.86,0.853
2,7793,BRN,Asia,Brunei,2020-03-11,11.0,10.0,,,,,25.144000000000002,22.858,,,,,,,,,,,,,,,,,,,,,,,,,,,,30.56,437483.0,81.347,32.4,4.591,2.3819999999999997,71809.25099999999,,201.285,12.79,2.0,30.9,,2.7,75.86,0.853
3,7794,BRN,Asia,Brunei,2020-03-12,11.0,0.0,,,,,25.144000000000002,0.0,,,,,,,,,,,,,,,,,,,,,,,,,,,,30.56,437483.0,81.347,32.4,4.591,2.3819999999999997,71809.25099999999,,201.285,12.79,2.0,30.9,,2.7,75.86,0.853
4,7795,BRN,Asia,Brunei,2020-03-13,37.0,26.0,,,,,84.575,59.431000000000004,,,,,,,,,,,,,,,,,,,,,,,,,,,,50.0,437483.0,81.347,32.4,4.591,2.3819999999999997,71809.25099999999,,201.285,12.79,2.0,30.9,,2.7,75.86,0.853
5,7796,BRN,Asia,Brunei,2020-03-14,40.0,3.0,5.7139999999999995,,,0.0,91.432,6.857,13.062000000000001,,,0.0,,,,,,,,,,,,,,,,,,,,,,,,50.0,437483.0,81.347,32.4,4.591,2.3819999999999997,71809.25099999999,,201.285,12.79,2.0,30.9,,2.7,75.86,0.853
6,7797,BRN,Asia,Brunei,2020-03-15,50.0,10.0,7.143,,,0.0,114.29,22.858,16.327,,,0.0,,,,,,,,,,,,,,,,,,,,,,,,50.0,437483.0,81.347,32.4,4.591,2.3819999999999997,71809.25099999999,,201.285,12.79,2.0,30.9,,2.7,75.86,0.853
7,7798,BRN,Asia,Brunei,2020-03-16,54.0,4.0,7.571000000000001,,,0.0,123.43299999999999,9.142999999999999,17.307000000000002,,,0.0,,,,,,,,,,,,,,,,,,,,,,,,50.0,437483.0,81.347,32.4,4.591,2.3819999999999997,71809.25099999999,,201.285,12.79,2.0,30.9,,2.7,75.86,0.853
8,7799,BRN,Asia,Brunei,2020-03-17,56.0,2.0,7.857,,,0.0,128.005,4.572,17.96,,,0.0,,,,,,,,,,,,,,,,,,,,,,,,50.0,437483.0,81.347,32.4,4.591,2.3819999999999997,71809.25099999999,,201.285,12.79,2.0,30.9,,2.7,75.86,0.853
9,7800,BRN,Asia,Brunei,2020-03-18,68.0,12.0,8.142999999999999,,,0.0,155.435,27.43,18.613,,,0.0,,,,,,,,,,,,,,,,,,,,,,,,50.0,437483.0,81.347,32.4,4.591,2.3819999999999997,71809.25099999999,,201.285,12.79,2.0,30.9,,2.7,75.86,0.853
10,7801,BRN,Asia,Brunei,2020-03-19,75.0,7.0,9.142999999999999,,,0.0,171.435,16.000999999999998,20.899,,,0.0,,,,,,,,,,,,,,,,,,,,,,,,50.0,437483.0,81.347,32.4,4.591,2.3819999999999997,71809.25099999999,,201.285,12.79,2.0,30.9,,2.7,75.86,0.853
11,7802,BRN,Asia,Brunei,2020-03-20,78.0,3.0,5.857,,,0.0,178.293,6.857,13.388,,,0.0,,,,,,,,,,,,,,,,,,,,,,,,50.0,437483.0,81.347,32.4,4.591,2.3819999999999997,71809.25099999999,,201.285,12.79,2.0,30.9,,2.7,75.86,0.853
12,7803,BRN,Asia,Brunei,2020-03-21,83.0,5.0,6.143,,,0.0,189.722,11.429,14.040999999999999,,,0.0,,,,,,,,,,,,,,,,,,,,,,,,50.0,437483.0,81.347,32.4,4.591,2.3819999999999997,71809.25099999999,,201.285,12.79,2.0,30.9,,2.7,75.86,0.853
13,7804,BRN,Asia,Brunei,2020-03-22,88.0,5.0,5.428999999999999,,,0.0,201.15099999999998,11.429,12.409,,,0.0,,,,,,,,,,,,,,,,,,,,,,,,50.0,437483.0,81.347,32.4,4.591,2.3819999999999997,71809.25099999999,,201.285,12.79,2.0,30.9,,2.7,75.86,0.853
14,7805,BRN,Asia,Brunei,2020-03-23,91.0,3.0,5.2860000000000005,,,0.0,208.00799999999998,6.857,12.082,,,0.0,,,,,,,,,,,,,,,,,,,,,,,,50.0,437483.0,81.347,32.4,4.591,2.3819999999999997,71809.25099999999,,201.285,12.79,2.0,30.9,,2.7,75.86,0.853
15,7806,BRN,Asia,Brunei,2020-03-24,104.0,13.0,6.857,,,0.0,237.72400000000002,29.715,15.674000000000001,,,0.0,,,,,,,,,,,,,,,,,,,,,,,,52.78,437483.0,81.347,32.4,4.591,2.3819999999999997,71809.25099999999,,201.285,12.79,2.0,30.9,,2.7,75.86,0.853
16,7807,BRN,Asia,Brunei,2020-03-25,109.0,5.0,5.857,,,0.0,249.153,11.429,13.388,,,0.0,0.24,,,,,,,,,,,,,,,,,,,,,,,52.78,437483.0,81.347,32.4,4.591,2.3819999999999997,71809.25099999999,,201.285,12.79,2.0,30.9,,2.7,75.86,0.853
17,7808,BRN,Asia,Brunei,2020-03-26,114.0,5.0,5.571000000000001,,,0.0,260.582,11.429,12.735,,,0.0,0.24,,,,,,,,,,,,,,,,,,,,,,,52.78,437483.0,81.347,32.4,4.591,2.3819999999999997,71809.25099999999,,201.285,12.79,2.0,30.9,,2.7,75.86,0.853
18,7809,BRN,Asia,Brunei,2020-03-27,115.0,1.0,5.2860000000000005,,,0.0,262.867,2.286,12.082,,,0.0,0.24,,,,,,,,,,,,,,,,,,,,,,,52.78,437483.0,81.347,32.4,4.591,2.3819999999999997,71809.25099999999,,201.285,12.79,2.0,30.9,,2.7,75.86,0.853
19,7810,BRN,Asia,Brunei,2020-03-28,120.0,5.0,5.2860000000000005,1.0,1.0,0.14300000000000002,274.296,11.429,12.082,2.286,2.286,0.327,0.24,,,,,,,,,,,,,,,,,,,,,,,52.78,437483.0,81.347,32.4,4.591,2.3819999999999997,71809.25099999999,,201.285,12.79,2.0,30.9,,2.7,75.86,0.853
20,7811,BRN,Asia,Brunei,2020-03-29,126.0,6.0,5.428999999999999,1.0,0.0,0.14300000000000002,288.01099999999997,13.715,12.409,2.286,0.0,0.327,0.24,,,,,,,,,,,,,,,,,,,,,,,52.78,437483.0,81.347,32.4,4.591,2.3819999999999997,71809.25099999999,,201.285,12.79,2.0,30.9,,2.7,75.86,0.853
21,7812,BRN,Asia,Brunei,2020-03-30,127.0,1.0,5.143,1.0,0.0,0.14300000000000002,290.297,2.286,11.755999999999998,2.286,0.0,0.327,0.23,,,,,,,,,,,,,,,,,,,,,,,52.78,437483.0,81.347,32.4,4.591,2.3819999999999997,71809.25099999999,,201.285,12.79,2.0,30.9,,2.7,75.86,0.853
22,7813,BRN,Asia,Brunei,2020-03-31,129.0,2.0,3.571,1.0,0.0,0.14300000000000002,294.869,4.572,8.164,2.286,0.0,0.327,0.22,,,,,,,,,,,,,,,,,,,,,,,52.78,437483.0,81.347,32.4,4.591,2.3819999999999997,71809.25099999999,,201.285,12.79,2.0,30.9,,2.7,75.86,0.853
23,7814,BRN,Asia,Brunei,2020-04-01,131.0,2.0,3.1430000000000002,1.0,0.0,0.14300000000000002,299.44,4.572,7.184,2.286,0.0,0.327,0.21,,,,,,,,,,,,,,,,,,,,,,,52.78,437483.0,81.347,32.4,4.591,2.3819999999999997,71809.25099999999,,201.285,12.79,2.0,30.9,,2.7,75.86,0.853
24,7815,BRN,Asia,Brunei,2020-04-02,133.0,2.0,2.714,1.0,0.0,0.14300000000000002,304.012,4.572,6.204,2.286,0.0,0.327,0.2,,,,,,,,,,,,,,,,,,,,,,,52.78,437483.0,81.347,32.4,4.591,2.3819999999999997,71809.25099999999,,201.285,12.79,2.0,30.9,,2.7,75.86,0.853
25,7816,BRN,Asia,Brunei,2020-04-03,134.0,1.0,2.714,1.0,0.0,0.14300000000000002,306.298,2.286,6.204,2.286,0.0,0.327,0.19,,,,,,,,,,,,,,,,,,,,,,,52.78,437483.0,81.347,32.4,4.591,2.3819999999999997,71809.25099999999,,201.285,12.79,2.0,30.9,,2.7,75.86,0.853
26,7817,BRN,Asia,Brunei,2020-04-04,135.0,1.0,2.1430000000000002,1.0,0.0,0.0,308.58299999999997,2.286,4.898,2.286,0.0,0.0,0.18,,,,,,,,,,,,,,,,,,,,,,,52.78,437483.0,81.347,32.4,4.591,2.3819999999999997,71809.25099999999,,201.285,12.79,2.0,30.9,,2.7,75.86,0.853
27,7818,BRN,Asia,Brunei,2020-04-05,135.0,0.0,1.286,1.0,0.0,0.0,308.58299999999997,0.0,2.9389999999999996,2.286,0.0,0.0,0.17,,,,,,,,,,,,,,,,,,,,,,,52.78,437483.0,81.347,32.4,4.591,2.3819999999999997,71809.25099999999,,201.285,12.79,2.0,30.9,,2.7,75.86,0.853
28,7819,BRN,Asia,Brunei,2020-04-06,135.0,0.0,1.143,1.0,0.0,0.0,308.58299999999997,0.0,2.612,2.286,0.0,0.0,0.16,,,,,,,,,,,,,,,,,,,,,,,52.78,437483.0,81.347,32.4,4.591,2.3819999999999997,71809.25099999999,,201.285,12.79,2.0,30.9,,2.7,75.86,0.853
29,7820,BRN,Asia,Brunei,2020-04-07,135.0,0.0,0.857,1.0,0.0,0.0,308.58299999999997,0.0,1.959,2.286,0.0,0.0,0.15,,,,,,,,,,,,,,,,,,,,,,,52.78,437483.0,81.347,32.4,4.591,2.3819999999999997,71809.25099999999,,201.285,12.79,2.0,30.9,,2.7,75.86,0.853
30,7821,BRN,Asia,Brunei,2020-04-08,135.0,0.0,0.5710000000000001,1.0,0.0,0.0,308.58299999999997,0.0,1.306,2.286,0.0,0.0,0.15,,,,,,,,,,,,,,,,,,,,,,,52.78,437483.0,81.347,32.4,4.591,2.3819999999999997,71809.25099999999,,201.285,12.79,2.0,30.9,,2.7,75.86,0.853
31,7822,BRN,Asia,Brunei,2020-04-09,135.0,0.0,0.28600000000000003,1.0,0.0,0.0,308.58299999999997,0.0,0.653,2.286,0.0,0.0,0.15,,,,,,,,,,,,,,,,,,,,,,,52.78,437483.0,81.347,32.4,4.591,2.3819999999999997,71809.25099999999,,201.285,12.79,2.0,30.9,,2.7,75.86,0.853
32,7823,BRN,Asia,Brunei,2020-04-10,136.0,1.0,0.28600000000000003,1.0,0.0,0.0,310.869,2.286,0.653,2.286,0.0,0.0,0.15,,,,,,,,,,,,,,,,,,,,,,,52.78,437483.0,81.347,32.4,4.591,2.3819999999999997,71809.25099999999,,201.285,12.79,2.0,30.9,,2.7,75.86,0.853
33,7824,BRN,Asia,Brunei,2020-04-11,136.0,0.0,0.14300000000000002,1.0,0.0,0.0,310.869,0.0,0.327,2.286,0.0,0.0,0.15,,,,,,,,,,,,,,,,,,,,,,,58.33,437483.0,81.347,32.4,4.591,2.3819999999999997,71809.25099999999,,201.285,12.79,2.0,30.9,,2.7,75.86,0.853
34,7825,BRN,Asia,Brunei,2020-04-12,136.0,0.0,0.14300000000000002,1.0,0.0,0.0,310.869,0.0,0.327,2.286,0.0,0.0,0.15,,,,,,,,,,,,,,,,,,,,,,,58.33,437483.0,81.347,32.4,4.591,2.3819999999999997,71809.25099999999,,201.285,12.79,2.0,30.9,,2.7,75.86,0.853
35,7826,BRN,Asia,Brunei,2020-04-13,136.0,0.0,0.14300000000000002,1.0,0.0,0.0,310.869,0.0,0.327,2.286,0.0,0.0,0.15,,,,,,,,,,,,,,,,,,,,,,,58.33,437483.0,81.347,32.4,4.591,2.3819999999999997,71809.25099999999,,201.285,12.79,2.0,30.9,,2.7,75.86,0.853
36,7827,BRN,Asia,Brunei,2020-04-14,136.0,0.0,0.14300000000000002,1.0,0.0,0.0,310.869,0.0,0.327,2.286,0.0,0.0,0.16,,,,,,,,,,,,,,,,,,,,,,,58.33,437483.0,81.347,32.4,4.591,2.3819999999999997,71809.25099999999,,201.285,12.79,2.0,30.9,,2.7,75.86,0.853
37,7828,BRN,Asia,Brunei,2020-04-15,136.0,0.0,0.14300000000000002,1.0,0.0,0.0,310.869,0.0,0.327,2.286,0.0,0.0,0.17,,,,,,,,,,,,,,,,,,,,,,,58.33,437483.0,81.347,32.4,4.591,2.3819999999999997,71809.25099999999,,201.285,12.79,2.0,30.9,,2.7,75.86,0.853
38,7829,BRN,Asia,Brunei,2020-04-16,136.0,0.0,0.14300000000000002,1.0,0.0,0.0,310.869,0.0,0.327,2.286,0.0,0.0,0.18,,,,,,,,,,,,,,,,,,,,,,,58.33,437483.0,81.347,32.4,4.591,2.3819999999999997,71809.25099999999,,201.285,12.79,2.0,30.9,,2.7,75.86,0.853
39,7830,BRN,Asia,Brunei,2020-04-17,136.0,0.0,0.0,1.0,0.0,0.0,310.869,0.0,0.0,2.286,0.0,0.0,0.19,,,,,,,,,,,,,,,,,,,,,,,58.33,437483.0,81.347,32.4,4.591,2.3819999999999997,71809.25099999999,,201.285,12.79,2.0,30.9,,2.7,75.86,0.853
40,7831,BRN,Asia,Brunei,2020-04-18,137.0,1.0,0.14300000000000002,1.0,0.0,0.0,313.155,2.286,0.327,2.286,0.0,0.0,0.21,,,,,,,,,,,,,,,,,,,,,,,58.33,437483.0,81.347,32.4,4.591,2.3819999999999997,71809.25099999999,,201.285,12.79,2.0,30.9,,2.7,75.86,0.853
41,7832,BRN,Asia,Brunei,2020-04-19,138.0,1.0,0.28600000000000003,1.0,0.0,0.0,315.441,2.286,0.653,2.286,0.0,0.0,0.21,,,,,,,,,,,,,,,,,,,,,,,58.33,437483.0,81.347,32.4,4.591,2.3819999999999997,71809.25099999999,,201.285,12.79,2.0,30.9,,2.7,75.86,0.853
42,7833,BRN,Asia,Brunei,2020-04-20,138.0,0.0,0.28600000000000003,1.0,0.0,0.0,315.441,0.0,0.653,2.286,0.0,0.0,0.18,,,,,,,,,,,,,,,,,,,,,,,58.33,437483.0,81.347,32.4,4.591,2.3819999999999997,71809.25099999999,,201.285,12.79,2.0,30.9,,2.7,75.86,0.853
43,7834,BRN,Asia,Brunei,2020-04-21,138.0,0.0,0.28600000000000003,1.0,0.0,0.0,315.441,0.0,0.653,2.286,0.0,0.0,0.16,,,,,,,,,,,,,,,,,,,,,,,58.33,437483.0,81.347,32.4,4.591,2.3819999999999997,71809.25099999999,,201.285,12.79,2.0,30.9,,2.7,75.86,0.853
44,7835,BRN,Asia,Brunei,2020-04-22,138.0,0.0,0.28600000000000003,1.0,0.0,0.0,315.441,0.0,0.653,2.286,0.0,0.0,0.14,,,,,,,,,,,,,,,,,,,,,,,58.33,437483.0,81.347,32.4,4.591,2.3819999999999997,71809.25099999999,,201.285,12.79,2.0,30.9,,2.7,75.86,0.853
45,7836,BRN,Asia,Brunei,2020-04-23,138.0,0.0,0.28600000000000003,1.0,0.0,0.0,315.441,0.0,0.653,2.286,0.0,0.0,0.12,,,,,,,,,,,,,,,,,,,,,,,58.33,437483.0,81.347,32.4,4.591,2.3819999999999997,71809.25099999999,,201.285,12.79,2.0,30.9,,2.7,75.86,0.853
46,7837,BRN,Asia,Brunei,2020-04-24,138.0,0.0,0.28600000000000003,1.0,0.0,0.0,315.441,0.0,0.653,2.286,0.0,0.0,0.11,,,,,,,,,,,,,,,,,,,,,,,58.33,437483.0,81.347,32.4,4.591,2.3819999999999997,71809.25099999999,,201.285,12.79,2.0,30.9,,2.7,75.86,0.853
47,7838,BRN,Asia,Brunei,2020-04-25,138.0,0.0,0.14300000000000002,1.0,0.0,0.0,315.441,0.0,0.327,2.286,0.0,0.0,0.09,,,,,,,,,,,,,,,,,,,,,,,58.33,437483.0,81.347,32.4,4.591,2.3819999999999997,71809.25099999999,,201.285,12.79,2.0,30.9,,2.7,75.86,0.853
48,7839,BRN,Asia,Brunei,2020-04-26,138.0,0.0,0.0,1.0,0.0,0.0,315.441,0.0,0.0,2.286,0.0,0.0,0.08,,,,,,,,,,,,,,,,,,,,,,,58.33,437483.0,81.347,32.4,4.591,2.3819999999999997,71809.25099999999,,201.285,12.79,2.0,30.9,,2.7,75.86,0.853
49,7840,BRN,Asia,Brunei,2020-04-27,138.0,0.0,0.0,1.0,0.0,0.0,315.441,0.0,0.0,2.286,0.0,0.0,0.07,,,,,,,,,,,,,,,,,,,,,,,58.33,437483.0,81.347,32.4,4.591,2.3819999999999997,71809.25099999999,,201.285,12.79,2.0,30.9,,2.7,75.86,0.853
50,7841,BRN,Asia,Brunei,2020-04-28,138.0,0.0,0.0,1.0,0.0,0.0,315.441,0.0,0.0,2.286,0.0,0.0,0.07,,,,,,,,,,,,,,,,,,,,,,,58.33,437483.0,81.347,32.4,4.591,2.3819999999999997,71809.25099999999,,201.285,12.79,2.0,30.9,,2.7,75.86,0.853
51,7842,BRN,Asia,Brunei,2020-04-29,138.0,0.0,0.0,1.0,0.0,0.0,315.441,0.0,0.0,2.286,0.0,0.0,0.06,,,,,,,,,,,,,,,,,,,,,,,58.33,437483.0,81.347,32.4,4.591,2.3819999999999997,71809.25099999999,,201.285,12.79,2.0,30.9,,2.7,75.86,0.853
52,7843,BRN,Asia,Brunei,2020-04-30,138.0,0.0,0.0,1.0,0.0,0.0,315.441,0.0,0.0,2.286,0.0,0.0,0.05,,,,,,,,,,,,,,,,,,,,,,,58.33,437483.0,81.347,32.4,4.591,2.3819999999999997,71809.25099999999,,201.285,12.79,2.0,30.9,,2.7,75.86,0.853
53,7844,BRN,Asia,Brunei,2020-05-01,138.0,0.0,0.0,1.0,0.0,0.0,315.441,0.0,0.0,2.286,0.0,0.0,0.05,,,,,,,,,,,,,,,,,,,,,,,58.33,437483.0,81.347,32.4,4.591,2.3819999999999997,71809.25099999999,,201.285,12.79,2.0,30.9,,2.7,75.86,0.853
54,7845,BRN,Asia,Brunei,2020-05-02,138.0,0.0,0.0,1.0,0.0,0.0,315.441,0.0,0.0,2.286,0.0,0.0,0.04,,,,,,,,,,,,,,,,,,,,,,,58.33,437483.0,81.347,32.4,4.591,2.3819999999999997,71809.25099999999,,201.285,12.79,2.0,30.9,,2.7,75.86,0.853
55,7846,BRN,Asia,Brunei,2020-05-03,138.0,0.0,0.0,1.0,0.0,0.0,315.441,0.0,0.0,2.286,0.0,0.0,0.04,,,,,,,,,,,,,,,,,,,,,,,58.33,437483.0,81.347,32.4,4.591,2.3819999999999997,71809.25099999999,,201.285,12.79,2.0,30.9,,2.7,75.86,0.853
56,7847,BRN,Asia,Brunei,2020-05-04,138.0,0.0,0.0,1.0,0.0,0.0,315.441,0.0,0.0,2.286,0.0,0.0,0.04,,,,,,,,,,,,,,,,,,,,,,,58.33,437483.0,81.347,32.4,4.591,2.3819999999999997,71809.25099999999,,201.285,12.79,2.0,30.9,,2.7,75.86,0.853
57,7848,BRN,Asia,Brunei,2020-05-05,138.0,0.0,0.0,1.0,0.0,0.0,315.441,0.0,0.0,2.286,0.0,0.0,0.03,,,,,,,,,,,,,,,,,,,,,,,58.33,437483.0,81.347,32.4,4.591,2.3819999999999997,71809.25099999999,,201.285,12.79,2.0,30.9,,2.7,75.86,0.853
58,7849,BRN,Asia,Brunei,2020-05-06,139.0,1.0,0.14300000000000002,1.0,0.0,0.0,317.72700000000003,2.286,0.327,2.286,0.0,0.0,0.03,,,,,,,,,,,,,,,,,,,,,,,58.33,437483.0,81.347,32.4,4.591,2.3819999999999997,71809.25099999999,,201.285,12.79,2.0,30.9,,2.7,75.86,0.853
59,7850,BRN,Asia,Brunei,2020-05-07,141.0,2.0,0.429,1.0,0.0,0.0,322.298,4.572,0.98,2.286,0.0,0.0,0.03,,,,,,,,,,,,,,,,,,,,,,,58.33,437483.0,81.347,32.4,4.591,2.3819999999999997,71809.25099999999,,201.285,12.79,2.0,30.9,,2.7,75.86,0.853
60,7851,BRN,Asia,Brunei,2020-05-08,141.0,0.0,0.429,1.0,0.0,0.0,322.298,0.0,0.98,2.286,0.0,0.0,0.03,,,,,,,,,,,,,,,,,,,,,,,58.33,437483.0,81.347,32.4,4.591,2.3819999999999997,71809.25099999999,,201.285,12.79,2.0,30.9,,2.7,75.86,0.853
61,7852,BRN,Asia,Brunei,2020-05-09,141.0,0.0,0.429,1.0,0.0,0.0,322.298,0.0,0.98,2.286,0.0,0.0,0.02,,,,,,,,,,,,,,,,,,,,,,,58.33,437483.0,81.347,32.4,4.591,2.3819999999999997,71809.25099999999,,201.285,12.79,2.0,30.9,,2.7,75.86,0.853
62,7853,BRN,Asia,Brunei,2020-05-10,141.0,0.0,0.429,1.0,0.0,0.0,322.298,0.0,0.98,2.286,0.0,0.0,0.02,,,,,,,,,,,,,,,,,,,,,,,58.33,437483.0,81.347,32.4,4.591,2.3819999999999997,71809.25099999999,,201.285,12.79,2.0,30.9,,2.7,75.86,0.853
63,7854,BRN,Asia,Brunei,2020-05-11,141.0,0.0,0.429,1.0,0.0,0.0,322.298,0.0,0.98,2.286,0.0,0.0,0.02,,,,,,,,,,,,,,,,,,,,,,,58.33,437483.0,81.347,32.4,4.591,2.3819999999999997,71809.25099999999,,201.285,12.79,2.0,30.9,,2.7,75.86,0.853
64,7855,BRN,Asia,Brunei,2020-05-12,141.0,0.0,0.429,1.0,0.0,0.0,322.298,0.0,0.98,2.286,0.0,0.0,0.02,,,,,,,,,,,,,,,,,,,,,,,58.33,437483.0,81.347,32.4,4.591,2.3819999999999997,71809.25099999999,,201.285,12.79,2.0,30.9,,2.7,75.86,0.853
65,7856,BRN,Asia,Brunei,2020-05-13,141.0,0.0,0.28600000000000003,1.0,0.0,0.0,322.298,0.0,0.653,2.286,0.0,0.0,0.02,,,,,,,,,,,,,,,,,,,,,,,58.33,437483.0,81.347,32.4,4.591,2.3819999999999997,71809.25099999999,,201.285,12.79,2.0,30.9,,2.7,75.86,0.853
66,7857,BRN,Asia,Brunei,2020-05-14,141.0,0.0,0.0,1.0,0.0,0.0,322.298,0.0,0.0,2.286,0.0,0.0,0.01,,,,,,,,,,,,,,,,,,,,,,,58.33,437483.0,81.347,32.4,4.591,2.3819999999999997,71809.25099999999,,201.285,12.79,2.0,30.9,,2.7,75.86,0.853
67,7858,BRN,Asia,Brunei,2020-05-15,141.0,0.0,0.0,1.0,0.0,0.0,322.298,0.0,0.0,2.286,0.0,0.0,0.01,,,,,,,,,,,,,,,,,,,,,,,52.78,437483.0,81.347,32.4,4.591,2.3819999999999997,71809.25099999999,,201.285,12.79,2.0,30.9,,2.7,75.86,0.853
68,7859,BRN,Asia,Brunei,2020-05-16,141.0,0.0,0.0,1.0,0.0,0.0,322.298,0.0,0.0,2.286,0.0,0.0,0.01,,,,,,,,,,,,,,,,,,,,,,,52.78,437483.0,81.347,32.4,4.591,2.3819999999999997,71809.25099999999,,201.285,12.79,2.0,30.9,,2.7,75.86,0.853
69,7860,BRN,Asia,Brunei,2020-05-17,141.0,0.0,0.0,1.0,0.0,0.0,322.298,0.0,0.0,2.286,0.0,0.0,0.01,,,,,,,,,,,,,,,,,,,,,,,52.78,437483.0,81.347,32.4,4.591,2.3819999999999997,71809.25099999999,,201.285,12.79,2.0,30.9,,2.7,75.86,0.853
70,7861,BRN,Asia,Brunei,2020-05-18,141.0,0.0,0.0,1.0,0.0,0.0,322.298,0.0,0.0,2.286,0.0,0.0,0.01,,,,,,,,,,,,,,,,,,,,,,,52.78,437483.0,81.347,32.4,4.591,2.3819999999999997,71809.25099999999,,201.285,12.79,2.0,30.9,,2.7,75.86,0.853
71,7862,BRN,Asia,Brunei,2020-05-19,141.0,0.0,0.0,1.0,0.0,0.0,322.298,0.0,0.0,2.286,0.0,0.0,0.01,,,,,,,,,,,,,,,,,,,,,,,52.78,437483.0,81.347,32.4,4.591,2.3819999999999997,71809.25099999999,,201.285,12.79,2.0,30.9,,2.7,75.86,0.853
72,7863,BRN,Asia,Brunei,2020-05-20,141.0,0.0,0.0,1.0,0.0,0.0,322.298,0.0,0.0,2.286,0.0,0.0,0.01,,,,,,,,,,,,,,,,,,,,,,,52.78,437483.0,81.347,32.4,4.591,2.3819999999999997,71809.25099999999,,201.285,12.79,2.0,30.9,,2.7,75.86,0.853
73,7864,BRN,Asia,Brunei,2020-05-21,141.0,0.0,0.0,1.0,0.0,0.0,322.298,0.0,0.0,2.286,0.0,0.0,0.01,,,,,,,,,,,,,,,,,,,,,,,52.78,437483.0,81.347,32.4,4.591,2.3819999999999997,71809.25099999999,,201.285,12.79,2.0,30.9,,2.7,75.86,0.853
74,7865,BRN,Asia,Brunei,2020-05-22,141.0,0.0,0.0,1.0,0.0,0.0,322.298,0.0,0.0,2.286,0.0,0.0,0.01,,,,,,,,,,,,,,,,,,,,,,,52.78,437483.0,81.347,32.4,4.591,2.3819999999999997,71809.25099999999,,201.285,12.79,2.0,30.9,,2.7,75.86,0.853
75,7866,BRN,Asia,Brunei,2020-05-23,141.0,0.0,0.0,1.0,0.0,0.0,322.298,0.0,0.0,2.286,0.0,0.0,0.01,,,,,,,,,,,,,,,,,,,,,,,52.78,437483.0,81.347,32.4,4.591,2.3819999999999997,71809.25099999999,,201.285,12.79,2.0,30.9,,2.7,75.86,0.853
76,7867,BRN,Asia,Brunei,2020-05-24,141.0,0.0,0.0,1.0,0.0,0.0,322.298,0.0,0.0,2.286,0.0,0.0,0.01,,,,,,,,,,,,,,,,,,,,,,,52.78,437483.0,81.347,32.4,4.591,2.3819999999999997,71809.25099999999,,201.285,12.79,2.0,30.9,,2.7,75.86,0.853
77,7868,BRN,Asia,Brunei,2020-05-25,141.0,0.0,0.0,1.0,0.0,0.0,322.298,0.0,0.0,2.286,0.0,0.0,0.01,,,,,,,,,,,,,,,,,,,,,,,52.78,437483.0,81.347,32.4,4.591,2.3819999999999997,71809.25099999999,,201.285,12.79,2.0,30.9,,2.7,75.86,0.853
78,7869,BRN,Asia,Brunei,2020-05-26,141.0,0.0,0.0,1.0,0.0,0.0,322.298,0.0,0.0,2.286,0.0,0.0,0.01,,,,,,,,,,,,,,,,,,,,,,,52.78,437483.0,81.347,32.4,4.591,2.3819999999999997,71809.25099999999,,201.285,12.79,2.0,30.9,,2.7,75.86,0.853
79,7870,BRN,Asia,Brunei,2020-05-27,141.0,0.0,0.0,2.0,1.0,0.14300000000000002,322.298,0.0,0.0,4.572,2.286,0.327,0.0,,,,,,,,,,,,,,,,,,,,,,,52.78,437483.0,81.347,32.4,4.591,2.3819999999999997,71809.25099999999,,201.285,12.79,2.0,30.9,,2.7,75.86,0.853
80,7871,BRN,Asia,Brunei,2020-05-28,141.0,0.0,0.0,2.0,0.0,0.14300000000000002,322.298,0.0,0.0,4.572,0.0,0.327,0.0,,,,,,,,,,,,,,,,,,,,,,,52.78,437483.0,81.347,32.4,4.591,2.3819999999999997,71809.25099999999,,201.285,12.79,2.0,30.9,,2.7,75.86,0.853
81,7872,BRN,Asia,Brunei,2020-05-29,141.0,0.0,0.0,2.0,0.0,0.14300000000000002,322.298,0.0,0.0,4.572,0.0,0.327,0.0,,,,,,,,,,,,,,,,,,,,,,,52.78,437483.0,81.347,32.4,4.591,2.3819999999999997,71809.25099999999,,201.285,12.79,2.0,30.9,,2.7,75.86,0.853
82,7873,BRN,Asia,Brunei,2020-05-30,141.0,0.0,0.0,2.0,0.0,0.14300000000000002,322.298,0.0,0.0,4.572,0.0,0.327,0.0,,,,,,,,,,,,,,,,,,,,,,,52.78,437483.0,81.347,32.4,4.591,2.3819999999999997,71809.25099999999,,201.285,12.79,2.0,30.9,,2.7,75.86,0.853
83,7874,BRN,Asia,Brunei,2020-05-31,141.0,0.0,0.0,2.0,0.0,0.14300000000000002,322.298,0.0,0.0,4.572,0.0,0.327,0.0,,,,,,,,,,,,,,,,,,,,,,,52.78,437483.0,81.347,32.4,4.591,2.3819999999999997,71809.25099999999,,201.285,12.79,2.0,30.9,,2.7,75.86,0.853
84,7875,BRN,Asia,Brunei,2020-06-01,141.0,0.0,0.0,2.0,0.0,0.14300000000000002,322.298,0.0,0.0,4.572,0.0,0.327,0.0,,,,,,,,,,,,,,,,,,,,,,,52.78,437483.0,81.347,32.4,4.591,2.3819999999999997,71809.25099999999,,201.285,12.79,2.0,30.9,,2.7,75.86,0.853
85,7876,BRN,Asia,Brunei,2020-06-02,141.0,0.0,0.0,2.0,0.0,0.14300000000000002,322.298,0.0,0.0,4.572,0.0,0.327,0.0,,,,,,,,,,,,,,,,,,,,,,,49.07,437483.0,81.347,32.4,4.591,2.3819999999999997,71809.25099999999,,201.285,12.79,2.0,30.9,,2.7,75.86,0.853
86,7877,BRN,Asia,Brunei,2020-06-03,141.0,0.0,0.0,2.0,0.0,0.0,322.298,0.0,0.0,4.572,0.0,0.0,0.0,,,,,,,,,,,,,,,,,,,,,,,49.07,437483.0,81.347,32.4,4.591,2.3819999999999997,71809.25099999999,,201.285,12.79,2.0,30.9,,2.7,75.86,0.853
87,7878,BRN,Asia,Brunei,2020-06-04,141.0,0.0,0.0,2.0,0.0,0.0,322.298,0.0,0.0,4.572,0.0,0.0,0.0,,,,,,,,,,,,,,,,,,,,,,,49.07,437483.0,81.347,32.4,4.591,2.3819999999999997,71809.25099999999,,201.285,12.79,2.0,30.9,,2.7,75.86,0.853
88,7879,BRN,Asia,Brunei,2020-06-05,141.0,0.0,0.0,2.0,0.0,0.0,322.298,0.0,0.0,4.572,0.0,0.0,0.0,,,,,,,,,,,,,,,,,,,,,,,49.07,437483.0,81.347,32.4,4.591,2.3819999999999997,71809.25099999999,,201.285,12.79,2.0,30.9,,2.7,75.86,0.853
89,7880,BRN,Asia,Brunei,2020-06-06,141.0,0.0,0.0,2.0,0.0,0.0,322.298,0.0,0.0,4.572,0.0,0.0,0.0,,,,,,,,,,,,,,,,,,,,,,,49.07,437483.0,81.347,32.4,4.591,2.3819999999999997,71809.25099999999,,201.285,12.79,2.0,30.9,,2.7,75.86,0.853
90,7881,BRN,Asia,Brunei,2020-06-07,141.0,0.0,0.0,2.0,0.0,0.0,322.298,0.0,0.0,4.572,0.0,0.0,0.0,,,,,,,,,,,,,,,,,,,,,,,49.07,437483.0,81.347,32.4,4.591,2.3819999999999997,71809.25099999999,,201.285,12.79,2.0,30.9,,2.7,75.86,0.853
91,7882,BRN,Asia,Brunei,2020-06-08,141.0,0.0,0.0,2.0,0.0,0.0,322.298,0.0,0.0,4.572,0.0,0.0,0.0,,,,,,,,,,,,,,,,,,,,,,,49.07,437483.0,81.347,32.4,4.591,2.3819999999999997,71809.25099999999,,201.285,12.79,2.0,30.9,,2.7,75.86,0.853
92,7883,BRN,Asia,Brunei,2020-06-09,141.0,0.0,0.0,2.0,0.0,0.0,322.298,0.0,0.0,4.572,0.0,0.0,0.0,,,,,,,,,,,,,,,,,,,,,,,49.07,437483.0,81.347,32.4,4.591,2.3819999999999997,71809.25099999999,,201.285,12.79,2.0,30.9,,2.7,75.86,0.853
93,7884,BRN,Asia,Brunei,2020-06-10,141.0,0.0,0.0,2.0,0.0,0.0,322.298,0.0,0.0,4.572,0.0,0.0,0.0,,,,,,,,,,,,,,,,,,,,,,,49.07,437483.0,81.347,32.4,4.591,2.3819999999999997,71809.25099999999,,201.285,12.79,2.0,30.9,,2.7,75.86,0.853
94,7885,BRN,Asia,Brunei,2020-06-11,141.0,0.0,0.0,2.0,0.0,0.0,322.298,0.0,0.0,4.572,0.0,0.0,0.0,,,,,,,,,,,,,,,,,,,,,,,49.07,437483.0,81.347,32.4,4.591,2.3819999999999997,71809.25099999999,,201.285,12.79,2.0,30.9,,2.7,75.86,0.853
95,7886,BRN,Asia,Brunei,2020-06-12,141.0,0.0,0.0,2.0,0.0,0.0,322.298,0.0,0.0,4.572,0.0,0.0,0.0,,,,,,,,,,,,,,,,,,,,,,,49.07,437483.0,81.347,32.4,4.591,2.3819999999999997,71809.25099999999,,201.285,12.79,2.0,30.9,,2.7,75.86,0.853
96,7887,BRN,Asia,Brunei,2020-06-13,141.0,0.0,0.0,2.0,0.0,0.0,322.298,0.0,0.0,4.572,0.0,0.0,0.0,,,,,,,,,,,,,,,,,,,,,,,49.07,437483.0,81.347,32.4,4.591,2.3819999999999997,71809.25099999999,,201.285,12.79,2.0,30.9,,2.7,75.86,0.853
97,7888,BRN,Asia,Brunei,2020-06-14,141.0,0.0,0.0,2.0,0.0,0.0,322.298,0.0,0.0,4.572,0.0,0.0,0.0,,,,,,,,,,,,,,,,,,,,,,,49.07,437483.0,81.347,32.4,4.591,2.3819999999999997,71809.25099999999,,201.285,12.79,2.0,30.9,,2.7,75.86,0.853
98,7889,BRN,Asia,Brunei,2020-06-15,141.0,0.0,0.0,2.0,0.0,0.0,322.298,0.0,0.0,4.572,0.0,0.0,0.0,,,,,,,,,,,,,,,,,,,,,,,49.07,437483.0,81.347,32.4,4.591,2.3819999999999997,71809.25099999999,,201.285,12.79,2.0,30.9,,2.7,75.86,0.853
99,7890,BRN,Asia,Brunei,2020-06-16,141.0,0.0,0.0,3.0,1.0,0.14300000000000002,322.298,0.0,0.0,6.857,2.286,0.327,0.0,,,,,,,,,,,,,,,,,,,,,,,49.07,437483.0,81.347,32.4,4.591,2.3819999999999997,71809.25099999999,,201.285,12.79,2.0,30.9,,2.7,75.86,0.853
100,7891,BRN,Asia,Brunei,2020-06-17,141.0,0.0,0.0,3.0,0.0,0.14300000000000002,322.298,0.0,0.0,6.857,0.0,0.327,0.0,,,,,,,,,,,,,,,,,,,,,,,49.07,437483.0,81.347,32.4,4.591,2.3819999999999997,71809.25099999999,,201.285,12.79,2.0,30.9,,2.7,75.86,0.853
101,7892,BRN,Asia,Brunei,2020-06-18,141.0,0.0,0.0,3.0,0.0,0.14300000000000002,322.298,0.0,0.0,6.857,0.0,0.327,0.0,,,,,,,,,,,,,,,,,,,,,,,49.07,437483.0,81.347,32.4,4.591,2.3819999999999997,71809.25099999999,,201.285,12.79,2.0,30.9,,2.7,75.86,0.853
102,7893,BRN,Asia,Brunei,2020-06-19,141.0,0.0,0.0,3.0,0.0,0.14300000000000002,322.298,0.0,0.0,6.857,0.0,0.327,0.0,,,,,,,,,,,,,,,,,,,,,,,49.07,437483.0,81.347,32.4,4.591,2.3819999999999997,71809.25099999999,,201.285,12.79,2.0,30.9,,2.7,75.86,0.853
103,7894,BRN,Asia,Brunei,2020-06-20,141.0,0.0,0.0,3.0,0.0,0.14300000000000002,322.298,0.0,0.0,6.857,0.0,0.327,0.0,,,,,,,,,,,,,,,,,,,,,,,49.07,437483.0,81.347,32.4,4.591,2.3819999999999997,71809.25099999999,,201.285,12.79,2.0,30.9,,2.7,75.86,0.853
104,7895,BRN,Asia,Brunei,2020-06-21,141.0,0.0,0.0,3.0,0.0,0.14300000000000002,322.298,0.0,0.0,6.857,0.0,0.327,0.0,,,,,,,,,,,,,,,,,,,,,,,49.07,437483.0,81.347,32.4,4.591,2.3819999999999997,71809.25099999999,,201.285,12.79,2.0,30.9,,2.7,75.86,0.853
105,7896,BRN,Asia,Brunei,2020-06-22,141.0,0.0,0.0,3.0,0.0,0.14300000000000002,322.298,0.0,0.0,6.857,0.0,0.327,0.0,,,,,,,,,,,,,,,,,,,,,,,49.07,437483.0,81.347,32.4,4.591,2.3819999999999997,71809.25099999999,,201.285,12.79,2.0,30.9,,2.7,75.86,0.853
106,7897,BRN,Asia,Brunei,2020-06-23,141.0,0.0,0.0,3.0,0.0,0.0,322.298,0.0,0.0,6.857,0.0,0.0,0.0,,,,,,,,,,,,,,,,,,,,,,,49.07,437483.0,81.347,32.4,4.591,2.3819999999999997,71809.25099999999,,201.285,12.79,2.0,30.9,,2.7,75.86,0.853
107,7898,BRN,Asia,Brunei,2020-06-24,141.0,0.0,0.0,3.0,0.0,0.0,322.298,0.0,0.0,6.857,0.0,0.0,0.0,,,,,,,,,,,,,,,,,,,,,,,49.07,437483.0,81.347,32.4,4.591,2.3819999999999997,71809.25099999999,,201.285,12.79,2.0,30.9,,2.7,75.86,0.853
108,7899,BRN,Asia,Brunei,2020-06-25,141.0,0.0,0.0,3.0,0.0,0.0,322.298,0.0,0.0,6.857,0.0,0.0,0.0,,,,,,,,,,,,,,,,,,,,,,,49.07,437483.0,81.347,32.4,4.591,2.3819999999999997,71809.25099999999,,201.285,12.79,2.0,30.9,,2.7,75.86,0.853
109,7900,BRN,Asia,Brunei,2020-06-26,141.0,0.0,0.0,3.0,0.0,0.0,322.298,0.0,0.0,6.857,0.0,0.0,0.0,,,,,,,,,,,,,,,,,,,,,,,49.07,437483.0,81.347,32.4,4.591,2.3819999999999997,71809.25099999999,,201.285,12.79,2.0,30.9,,2.7,75.86,0.853
110,7901,BRN,Asia,Brunei,2020-06-27,141.0,0.0,0.0,3.0,0.0,0.0,322.298,0.0,0.0,6.857,0.0,0.0,0.0,,,,,,,,,,,,,,,,,,,,,,,49.07,437483.0,81.347,32.4,4.591,2.3819999999999997,71809.25099999999,,201.285,12.79,2.0,30.9,,2.7,75.86,0.853
111,7902,BRN,Asia,Brunei,2020-06-28,141.0,0.0,0.0,3.0,0.0,0.0,322.298,0.0,0.0,6.857,0.0,0.0,0.0,,,,,,,,,,,,,,,,,,,,,,,49.07,437483.0,81.347,32.4,4.591,2.3819999999999997,71809.25099999999,,201.285,12.79,2.0,30.9,,2.7,75.86,0.853
112,7903,BRN,Asia,Brunei,2020-06-29,141.0,0.0,0.0,3.0,0.0,0.0,322.298,0.0,0.0,6.857,0.0,0.0,0.0,,,,,,,,,,,,,,,,,,,,,,,49.07,437483.0,81.347,32.4,4.591,2.3819999999999997,71809.25099999999,,201.285,12.79,2.0,30.9,,2.7,75.86,0.853
113,7904,BRN,Asia,Brunei,2020-06-30,141.0,0.0,0.0,3.0,0.0,0.0,322.298,0.0,0.0,6.857,0.0,0.0,0.0,,,,,,,,,,,,,,,,,,,,,,,49.07,437483.0,81.347,32.4,4.591,2.3819999999999997,71809.25099999999,,201.285,12.79,2.0,30.9,,2.7,75.86,0.853
114,7905,BRN,Asia,Brunei,2020-07-01,141.0,0.0,0.0,3.0,0.0,0.0,322.298,0.0,0.0,6.857,0.0,0.0,0.0,,,,,,,,,,,,,,,,,,,,,,,49.07,437483.0,81.347,32.4,4.591,2.3819999999999997,71809.25099999999,,201.285,12.79,2.0,30.9,,2.7,75.86,0.853
115,7906,BRN,Asia,Brunei,2020-07-02,141.0,0.0,0.0,3.0,0.0,0.0,322.298,0.0,0.0,6.857,0.0,0.0,0.0,,,,,,,,,,,,,,,,,,,,,,,49.07,437483.0,81.347,32.4,4.591,2.3819999999999997,71809.25099999999,,201.285,12.79,2.0,30.9,,2.7,75.86,0.853
116,7907,BRN,Asia,Brunei,2020-07-03,141.0,0.0,0.0,3.0,0.0,0.0,322.298,0.0,0.0,6.857,0.0,0.0,0.0,,,,,,,,,,,,,,,,,,,,,,,49.07,437483.0,81.347,32.4,4.591,2.3819999999999997,71809.25099999999,,201.285,12.79,2.0,30.9,,2.7,75.86,0.853
117,7908,BRN,Asia,Brunei,2020-07-04,141.0,0.0,0.0,3.0,0.0,0.0,322.298,0.0,0.0,6.857,0.0,0.0,0.0,,,,,,,,,,,,,,,,,,,,,,,49.07,437483.0,81.347,32.4,4.591,2.3819999999999997,71809.25099999999,,201.285,12.79,2.0,30.9,,2.7,75.86,0.853
118,7909,BRN,Asia,Brunei,2020-07-05,141.0,0.0,0.0,3.0,0.0,0.0,322.298,0.0,0.0,6.857,0.0,0.0,0.0,,,,,,,,,,,,,,,,,,,,,,,49.07,437483.0,81.347,32.4,4.591,2.3819999999999997,71809.25099999999,,201.285,12.79,2.0,30.9,,2.7,75.86,0.853
119,7910,BRN,Asia,Brunei,2020-07-06,141.0,0.0,0.0,3.0,0.0,0.0,322.298,0.0,0.0,6.857,0.0,0.0,0.0,,,,,,,,,,,,,,,,,,,,,,,49.07,437483.0,81.347,32.4,4.591,2.3819999999999997,71809.25099999999,,201.285,12.79,2.0,30.9,,2.7,75.86,0.853
120,7911,BRN,Asia,Brunei,2020-07-07,141.0,0.0,0.0,3.0,0.0,0.0,322.298,0.0,0.0,6.857,0.0,0.0,-0.0,,,,,,,,,,,,,,,,,,,,,,,49.07,437483.0,81.347,32.4,4.591,2.3819999999999997,71809.25099999999,,201.285,12.79,2.0,30.9,,2.7,75.86,0.853
121,7912,BRN,Asia,Brunei,2020-07-08,141.0,0.0,0.0,3.0,0.0,0.0,322.298,0.0,0.0,6.857,0.0,0.0,-0.0,,,,,,,,,,,,,,,,,,,,,,,49.07,437483.0,81.347,32.4,4.591,2.3819999999999997,71809.25099999999,,201.285,12.79,2.0,30.9,,2.7,75.86,0.853
122,7913,BRN,Asia,Brunei,2020-07-09,141.0,0.0,0.0,3.0,0.0,0.0,322.298,0.0,0.0,6.857,0.0,0.0,-0.0,,,,,,,,,,,,,,,,,,,,,,,49.07,437483.0,81.347,32.4,4.591,2.3819999999999997,71809.25099999999,,201.285,12.79,2.0,30.9,,2.7,75.86,0.853
123,7914,BRN,Asia,Brunei,2020-07-10,141.0,0.0,0.0,3.0,0.0,0.0,322.298,0.0,0.0,6.857,0.0,0.0,-0.0,,,,,,,,,,,,,,,,,,,,,,,49.07,437483.0,81.347,32.4,4.591,2.3819999999999997,71809.25099999999,,201.285,12.79,2.0,30.9,,2.7,75.86,0.853
124,7915,BRN,Asia,Brunei,2020-07-11,141.0,0.0,0.0,3.0,0.0,0.0,322.298,0.0,0.0,6.857,0.0,0.0,-0.0,,,,,,,,,,,,,,,,,,,,,,,49.07,437483.0,81.347,32.4,4.591,2.3819999999999997,71809.25099999999,,201.285,12.79,2.0,30.9,,2.7,75.86,0.853
125,7916,BRN,Asia,Brunei,2020-07-12,141.0,0.0,0.0,3.0,0.0,0.0,322.298,0.0,0.0,6.857,0.0,0.0,-0.0,,,,,,,,,,,,,,,,,,,,,,,49.07,437483.0,81.347,32.4,4.591,2.3819999999999997,71809.25099999999,,201.285,12.79,2.0,30.9,,2.7,75.86,0.853
126,7917,BRN,Asia,Brunei,2020-07-13,141.0,0.0,0.0,3.0,0.0,0.0,322.298,0.0,0.0,6.857,0.0,0.0,-0.0,,,,,,,,,,,,,,,,,,,,,,,49.07,437483.0,81.347,32.4,4.591,2.3819999999999997,71809.25099999999,,201.285,12.79,2.0,30.9,,2.7,75.86,0.853
127,7918,BRN,Asia,Brunei,2020-07-14,141.0,0.0,0.0,3.0,0.0,0.0,322.298,0.0,0.0,6.857,0.0,0.0,-0.0,,,,,,,,,,,,,,,,,,,,,,,49.07,437483.0,81.347,32.4,4.591,2.3819999999999997,71809.25099999999,,201.285,12.79,2.0,30.9,,2.7,75.86,0.853
128,7919,BRN,Asia,Brunei,2020-07-15,141.0,0.0,0.0,3.0,0.0,0.0,322.298,0.0,0.0,6.857,0.0,0.0,-0.0,,,,,,,,,,,,,,,,,,,,,,,49.07,437483.0,81.347,32.4,4.591,2.3819999999999997,71809.25099999999,,201.285,12.79,2.0,30.9,,2.7,75.86,0.853
129,7920,BRN,Asia,Brunei,2020-07-16,141.0,0.0,0.0,3.0,0.0,0.0,322.298,0.0,0.0,6.857,0.0,0.0,-0.0,,,,,,,,,,,,,,,,,,,,,,,49.07,437483.0,81.347,32.4,4.591,2.3819999999999997,71809.25099999999,,201.285,12.79,2.0,30.9,,2.7,75.86,0.853
130,7921,BRN,Asia,Brunei,2020-07-17,141.0,0.0,0.0,3.0,0.0,0.0,322.298,0.0,0.0,6.857,0.0,0.0,-0.0,,,,,,,,,,,,,,,,,,,,,,,49.07,437483.0,81.347,32.4,4.591,2.3819999999999997,71809.25099999999,,201.285,12.79,2.0,30.9,,2.7,75.86,0.853
131,7922,BRN,Asia,Brunei,2020-07-18,141.0,0.0,0.0,3.0,0.0,0.0,322.298,0.0,0.0,6.857,0.0,0.0,-0.0,,,,,,,,,,,,,,,,,,,,,,,49.07,437483.0,81.347,32.4,4.591,2.3819999999999997,71809.25099999999,,201.285,12.79,2.0,30.9,,2.7,75.86,0.853
132,7923,BRN,Asia,Brunei,2020-07-19,141.0,0.0,0.0,3.0,0.0,0.0,322.298,0.0,0.0,6.857,0.0,0.0,-0.0,,,,,,,,,,,,,,,,,,,,,,,49.07,437483.0,81.347,32.4,4.591,2.3819999999999997,71809.25099999999,,201.285,12.79,2.0,30.9,,2.7,75.86,0.853
133,7924,BRN,Asia,Brunei,2020-07-20,141.0,0.0,0.0,3.0,0.0,0.0,322.298,0.0,0.0,6.857,0.0,0.0,0.0,,,,,,,,,,,,,,,,,,,,,,,49.07,437483.0,81.347,32.4,4.591,2.3819999999999997,71809.25099999999,,201.285,12.79,2.0,30.9,,2.7,75.86,0.853
134,7925,BRN,Asia,Brunei,2020-07-21,141.0,0.0,0.0,3.0,0.0,0.0,322.298,0.0,0.0,6.857,0.0,0.0,-0.0,,,,,,,,,,,,,,,,,,,,,,,49.07,437483.0,81.347,32.4,4.591,2.3819999999999997,71809.25099999999,,201.285,12.79,2.0,30.9,,2.7,75.86,0.853
135,7926,BRN,Asia,Brunei,2020-07-22,141.0,0.0,0.0,3.0,0.0,0.0,322.298,0.0,0.0,6.857,0.0,0.0,-0.0,,,,,,,,,,,,,,,,,,,,,,,49.07,437483.0,81.347,32.4,4.591,2.3819999999999997,71809.25099999999,,201.285,12.79,2.0,30.9,,2.7,75.86,0.853
136,7927,BRN,Asia,Brunei,2020-07-23,141.0,0.0,0.0,3.0,0.0,0.0,322.298,0.0,0.0,6.857,0.0,0.0,-0.0,,,,,,,,,,,,,,,,,,,,,,,49.07,437483.0,81.347,32.4,4.591,2.3819999999999997,71809.25099999999,,201.285,12.79,2.0,30.9,,2.7,75.86,0.853
137,7928,BRN,Asia,Brunei,2020-07-24,141.0,0.0,0.0,3.0,0.0,0.0,322.298,0.0,0.0,6.857,0.0,0.0,-0.0,,,,,,,,,,,,,,,,,,,,,,,49.07,437483.0,81.347,32.4,4.591,2.3819999999999997,71809.25099999999,,201.285,12.79,2.0,30.9,,2.7,75.86,0.853
138,7929,BRN,Asia,Brunei,2020-07-25,141.0,0.0,0.0,3.0,0.0,0.0,322.298,0.0,0.0,6.857,0.0,0.0,-0.0,,,,,,,,,,,,,,,,,,,,,,,49.07,437483.0,81.347,32.4,4.591,2.3819999999999997,71809.25099999999,,201.285,12.79,2.0,30.9,,2.7,75.86,0.853
139,7930,BRN,Asia,Brunei,2020-07-26,141.0,0.0,0.0,3.0,0.0,0.0,322.298,0.0,0.0,6.857,0.0,0.0,0.0,,,,,,,,,,,,,,,,,,,,,,,49.07,437483.0,81.347,32.4,4.591,2.3819999999999997,71809.25099999999,,201.285,12.79,2.0,30.9,,2.7,75.86,0.853
140,7931,BRN,Asia,Brunei,2020-07-27,141.0,0.0,0.0,3.0,0.0,0.0,322.298,0.0,0.0,6.857,0.0,0.0,0.0,,,,,,,,,,,,,,,,,,,,,,,39.81,437483.0,81.347,32.4,4.591,2.3819999999999997,71809.25099999999,,201.285,12.79,2.0,30.9,,2.7,75.86,0.853
141,7932,BRN,Asia,Brunei,2020-07-28,141.0,0.0,0.0,3.0,0.0,0.0,322.298,0.0,0.0,6.857,0.0,0.0,0.0,,,,,,,,,,,,,,,,,,,,,,,39.81,437483.0,81.347,32.4,4.591,2.3819999999999997,71809.25099999999,,201.285,12.79,2.0,30.9,,2.7,75.86,0.853
142,7933,BRN,Asia,Brunei,2020-07-29,141.0,0.0,0.0,3.0,0.0,0.0,322.298,0.0,0.0,6.857,0.0,0.0,-0.0,,,,,,,,,,,,,,,,,,,,,,,39.81,437483.0,81.347,32.4,4.591,2.3819999999999997,71809.25099999999,,201.285,12.79,2.0,30.9,,2.7,75.86,0.853
143,7934,BRN,Asia,Brunei,2020-07-30,141.0,0.0,0.0,3.0,0.0,0.0,322.298,0.0,0.0,6.857,0.0,0.0,-0.0,,,,,,,,,,,,,,,,,,,,,,,39.81,437483.0,81.347,32.4,4.591,2.3819999999999997,71809.25099999999,,201.285,12.79,2.0,30.9,,2.7,75.86,0.853
144,7935,BRN,Asia,Brunei,2020-07-31,141.0,0.0,0.0,3.0,0.0,0.0,322.298,0.0,0.0,6.857,0.0,0.0,-0.0,,,,,,,,,,,,,,,,,,,,,,,39.81,437483.0,81.347,32.4,4.591,2.3819999999999997,71809.25099999999,,201.285,12.79,2.0,30.9,,2.7,75.86,0.853
145,7936,BRN,Asia,Brunei,2020-08-01,141.0,0.0,0.0,3.0,0.0,0.0,322.298,0.0,0.0,6.857,0.0,0.0,-0.0,,,,,,,,,,,,,,,,,,,,,,,39.81,437483.0,81.347,32.4,4.591,2.3819999999999997,71809.25099999999,,201.285,12.79,2.0,30.9,,2.7,75.86,0.853
146,7937,BRN,Asia,Brunei,2020-08-02,141.0,0.0,0.0,3.0,0.0,0.0,322.298,0.0,0.0,6.857,0.0,0.0,-0.0,,,,,,,,,,,,,,,,,,,,,,,39.81,437483.0,81.347,32.4,4.591,2.3819999999999997,71809.25099999999,,201.285,12.79,2.0,30.9,,2.7,75.86,0.853
147,7938,BRN,Asia,Brunei,2020-08-03,141.0,0.0,0.0,3.0,0.0,0.0,322.298,0.0,0.0,6.857,0.0,0.0,-0.0,,,,,,,,,,,,,,,,,,,,,,,39.81,437483.0,81.347,32.4,4.591,2.3819999999999997,71809.25099999999,,201.285,12.79,2.0,30.9,,2.7,75.86,0.853
148,7939,BRN,Asia,Brunei,2020-08-04,141.0,0.0,0.0,3.0,0.0,0.0,322.298,0.0,0.0,6.857,0.0,0.0,-0.0,,,,,,,,,,,,,,,,,,,,,,,39.81,437483.0,81.347,32.4,4.591,2.3819999999999997,71809.25099999999,,201.285,12.79,2.0,30.9,,2.7,75.86,0.853
149,7940,BRN,Asia,Brunei,2020-08-05,141.0,0.0,0.0,3.0,0.0,0.0,322.298,0.0,0.0,6.857,0.0,0.0,-0.0,,,,,,,,,,,,,,,,,,,,,,,39.81,437483.0,81.347,32.4,4.591,2.3819999999999997,71809.25099999999,,201.285,12.79,2.0,30.9,,2.7,75.86,0.853
150,7941,BRN,Asia,Brunei,2020-08-06,141.0,0.0,0.0,3.0,0.0,0.0,322.298,0.0,0.0,6.857,0.0,0.0,0.0,,,,,,,,,,,,,,,,,,,,,,,39.81,437483.0,81.347,32.4,4.591,2.3819999999999997,71809.25099999999,,201.285,12.79,2.0,30.9,,2.7,75.86,0.853
151,7942,BRN,Asia,Brunei,2020-08-07,142.0,1.0,0.14300000000000002,3.0,0.0,0.0,324.584,2.286,0.327,6.857,0.0,0.0,0.0,,,,,,,,,,,,,,,,,,,,,,,39.81,437483.0,81.347,32.4,4.591,2.3819999999999997,71809.25099999999,,201.285,12.79,2.0,30.9,,2.7,75.86,0.853
152,7943,BRN,Asia,Brunei,2020-08-08,142.0,0.0,0.14300000000000002,3.0,0.0,0.0,324.584,0.0,0.327,6.857,0.0,0.0,0.0,,,,,,,,,,,,,,,,,,,,,,,39.81,437483.0,81.347,32.4,4.591,2.3819999999999997,71809.25099999999,,201.285,12.79,2.0,30.9,,2.7,75.86,0.853
153,7944,BRN,Asia,Brunei,2020-08-09,142.0,0.0,0.14300000000000002,3.0,0.0,0.0,324.584,0.0,0.327,6.857,0.0,0.0,0.0,,,,,,,,,,,,,,,,,,,,,,,39.81,437483.0,81.347,32.4,4.591,2.3819999999999997,71809.25099999999,,201.285,12.79,2.0,30.9,,2.7,75.86,0.853
154,7945,BRN,Asia,Brunei,2020-08-10,142.0,0.0,0.14300000000000002,3.0,0.0,0.0,324.584,0.0,0.327,6.857,0.0,0.0,0.0,,,,,,,,,,,,,,,,,,,,,,,39.81,437483.0,81.347,32.4,4.591,2.3819999999999997,71809.25099999999,,201.285,12.79,2.0,30.9,,2.7,75.86,0.853
155,7946,BRN,Asia,Brunei,2020-08-11,142.0,0.0,0.14300000000000002,3.0,0.0,0.0,324.584,0.0,0.327,6.857,0.0,0.0,0.0,,,,,,,,,,,,,,,,,,,,,,,39.81,437483.0,81.347,32.4,4.591,2.3819999999999997,71809.25099999999,,201.285,12.79,2.0,30.9,,2.7,75.86,0.853
156,7947,BRN,Asia,Brunei,2020-08-12,142.0,0.0,0.14300000000000002,3.0,0.0,0.0,324.584,0.0,0.327,6.857,0.0,0.0,-0.0,,,,,,,,,,,,,,,,,,,,,,,39.81,437483.0,81.347,32.4,4.591,2.3819999999999997,71809.25099999999,,201.285,12.79,2.0,30.9,,2.7,75.86,0.853
157,7948,BRN,Asia,Brunei,2020-08-13,142.0,0.0,0.14300000000000002,3.0,0.0,0.0,324.584,0.0,0.327,6.857,0.0,0.0,-0.0,,,,,,,,,,,,,,,,,,,,,,,37.04,437483.0,81.347,32.4,4.591,2.3819999999999997,71809.25099999999,,201.285,12.79,2.0,30.9,,2.7,75.86,0.853
158,7949,BRN,Asia,Brunei,2020-08-14,142.0,0.0,0.0,3.0,0.0,0.0,324.584,0.0,0.0,6.857,0.0,0.0,0.0,,,,,,,,,,,,,,,,,,,,,,,37.04,437483.0,81.347,32.4,4.591,2.3819999999999997,71809.25099999999,,201.285,12.79,2.0,30.9,,2.7,75.86,0.853
159,7950,BRN,Asia,Brunei,2020-08-15,142.0,0.0,0.0,3.0,0.0,0.0,324.584,0.0,0.0,6.857,0.0,0.0,0.0,,,,,,,,,,,,,,,,,,,,,,,37.04,437483.0,81.347,32.4,4.591,2.3819999999999997,71809.25099999999,,201.285,12.79,2.0,30.9,,2.7,75.86,0.853
160,7951,BRN,Asia,Brunei,2020-08-16,142.0,0.0,0.0,3.0,0.0,0.0,324.584,0.0,0.0,6.857,0.0,0.0,0.0,,,,,,,,,,,,,,,,,,,,,,,37.04,437483.0,81.347,32.4,4.591,2.3819999999999997,71809.25099999999,,201.285,12.79,2.0,30.9,,2.7,75.86,0.853
161,7952,BRN,Asia,Brunei,2020-08-17,142.0,0.0,0.0,3.0,0.0,0.0,324.584,0.0,0.0,6.857,0.0,0.0,0.0,,,,,,,,,,,,,,,,,,,,,,,40.74,437483.0,81.347,32.4,4.591,2.3819999999999997,71809.25099999999,,201.285,12.79,2.0,30.9,,2.7,75.86,0.853
162,7953,BRN,Asia,Brunei,2020-08-18,142.0,0.0,0.0,3.0,0.0,0.0,324.584,0.0,0.0,6.857,0.0,0.0,0.0,,,,,,,,,,,,,,,,,,,,,,,40.74,437483.0,81.347,32.4,4.591,2.3819999999999997,71809.25099999999,,201.285,12.79,2.0,30.9,,2.7,75.86,0.853
163,7954,BRN,Asia,Brunei,2020-08-19,143.0,1.0,0.14300000000000002,3.0,0.0,0.0,326.87,2.286,0.327,6.857,0.0,0.0,0.0,,,,,,,,,,,,,,,,,,,,,,,40.74,437483.0,81.347,32.4,4.591,2.3819999999999997,71809.25099999999,,201.285,12.79,2.0,30.9,,2.7,75.86,0.853
164,7955,BRN,Asia,Brunei,2020-08-20,143.0,0.0,0.14300000000000002,3.0,0.0,0.0,326.87,0.0,0.327,6.857,0.0,0.0,0.0,,,,,,,,,,,,,,,,,,,,,,,40.74,437483.0,81.347,32.4,4.591,2.3819999999999997,71809.25099999999,,201.285,12.79,2.0,30.9,,2.7,75.86,0.853
165,7956,BRN,Asia,Brunei,2020-08-21,143.0,0.0,0.14300000000000002,3.0,0.0,0.0,326.87,0.0,0.327,6.857,0.0,0.0,0.0,,,,,,,,,,,,,,,,,,,,,,,40.74,437483.0,81.347,32.4,4.591,2.3819999999999997,71809.25099999999,,201.285,12.79,2.0,30.9,,2.7,75.86,0.853
166,7957,BRN,Asia,Brunei,2020-08-22,143.0,0.0,0.14300000000000002,3.0,0.0,0.0,326.87,0.0,0.327,6.857,0.0,0.0,0.0,,,,,,,,,,,,,,,,,,,,,,,40.74,437483.0,81.347,32.4,4.591,2.3819999999999997,71809.25099999999,,201.285,12.79,2.0,30.9,,2.7,75.86,0.853
167,7958,BRN,Asia,Brunei,2020-08-23,143.0,0.0,0.14300000000000002,3.0,0.0,0.0,326.87,0.0,0.327,6.857,0.0,0.0,0.0,,,,,,,,,,,,,,,,,,,,,,,40.74,437483.0,81.347,32.4,4.591,2.3819999999999997,71809.25099999999,,201.285,12.79,2.0,30.9,,2.7,75.86,0.853
168,7959,BRN,Asia,Brunei,2020-08-24,143.0,0.0,0.14300000000000002,3.0,0.0,0.0,326.87,0.0,0.327,6.857,0.0,0.0,0.0,,,,,,,,,,,,,,,,,,,,,,,40.74,437483.0,81.347,32.4,4.591,2.3819999999999997,71809.25099999999,,201.285,12.79,2.0,30.9,,2.7,75.86,0.853
169,7960,BRN,Asia,Brunei,2020-08-25,144.0,1.0,0.28600000000000003,3.0,0.0,0.0,329.156,2.286,0.653,6.857,0.0,0.0,0.0,,,,,,,,,,,,,,,,,,,,,,,40.74,437483.0,81.347,32.4,4.591,2.3819999999999997,71809.25099999999,,201.285,12.79,2.0,30.9,,2.7,75.86,0.853
170,7961,BRN,Asia,Brunei,2020-08-26,144.0,0.0,0.14300000000000002,3.0,0.0,0.0,329.156,0.0,0.327,6.857,0.0,0.0,0.0,,,,,,,,,,,,,,,,,,,,,,,40.74,437483.0,81.347,32.4,4.591,2.3819999999999997,71809.25099999999,,201.285,12.79,2.0,30.9,,2.7,75.86,0.853
171,7962,BRN,Asia,Brunei,2020-08-27,144.0,0.0,0.14300000000000002,3.0,0.0,0.0,329.156,0.0,0.327,6.857,0.0,0.0,-0.0,,,,,,,,,,,,,,,,,,,,,,,40.74,437483.0,81.347,32.4,4.591,2.3819999999999997,71809.25099999999,,201.285,12.79,2.0,30.9,,2.7,75.86,0.853
172,7963,BRN,Asia,Brunei,2020-08-28,144.0,0.0,0.14300000000000002,3.0,0.0,0.0,329.156,0.0,0.327,6.857,0.0,0.0,-0.0,,,,,,,,,,,,,,,,,,,,,,,40.74,437483.0,81.347,32.4,4.591,2.3819999999999997,71809.25099999999,,201.285,12.79,2.0,30.9,,2.7,75.86,0.853
173,7964,BRN,Asia,Brunei,2020-08-29,144.0,0.0,0.14300000000000002,3.0,0.0,0.0,329.156,0.0,0.327,6.857,0.0,0.0,0.0,,,,,,,,,,,,,,,,,,,,,,,40.74,437483.0,81.347,32.4,4.591,2.3819999999999997,71809.25099999999,,201.285,12.79,2.0,30.9,,2.7,75.86,0.853
174,7965,BRN,Asia,Brunei,2020-08-30,144.0,0.0,0.14300000000000002,3.0,0.0,0.0,329.156,0.0,0.327,6.857,0.0,0.0,-0.0,,,,,,,,,,,,,,,,,,,,,,,40.74,437483.0,81.347,32.4,4.591,2.3819999999999997,71809.25099999999,,201.285,12.79,2.0,30.9,,2.7,75.86,0.853
175,7966,BRN,Asia,Brunei,2020-08-31,144.0,0.0,0.14300000000000002,3.0,0.0,0.0,329.156,0.0,0.327,6.857,0.0,0.0,-0.0,,,,,,,,,,,,,,,,,,,,,,,40.74,437483.0,81.347,32.4,4.591,2.3819999999999997,71809.25099999999,,201.285,12.79,2.0,30.9,,2.7,75.86,0.853
176,7967,BRN,Asia,Brunei,2020-09-01,144.0,0.0,0.0,3.0,0.0,0.0,329.156,0.0,0.0,6.857,0.0,0.0,0.0,,,,,,,,,,,,,,,,,,,,,,,37.96,437483.0,81.347,32.4,4.591,2.3819999999999997,71809.25099999999,,201.285,12.79,2.0,30.9,,2.7,75.86,0.853
177,7968,BRN,Asia,Brunei,2020-09-02,144.0,0.0,0.0,3.0,0.0,0.0,329.156,0.0,0.0,6.857,0.0,0.0,0.0,,,,,,,,,,,,,,,,,,,,,,,37.96,437483.0,81.347,32.4,4.591,2.3819999999999997,71809.25099999999,,201.285,12.79,2.0,30.9,,2.7,75.86,0.853
178,7969,BRN,Asia,Brunei,2020-09-03,145.0,1.0,0.14300000000000002,3.0,0.0,0.0,331.441,2.286,0.327,6.857,0.0,0.0,0.0,,,,,,,,,,,,,,,,,,,,,,,37.96,437483.0,81.347,32.4,4.591,2.3819999999999997,71809.25099999999,,201.285,12.79,2.0,30.9,,2.7,75.86,0.853
179,7970,BRN,Asia,Brunei,2020-09-04,145.0,0.0,0.14300000000000002,3.0,0.0,0.0,331.441,0.0,0.327,6.857,0.0,0.0,0.0,,,,,,,,,,,,,,,,,,,,,,,37.96,437483.0,81.347,32.4,4.591,2.3819999999999997,71809.25099999999,,201.285,12.79,2.0,30.9,,2.7,75.86,0.853
180,7971,BRN,Asia,Brunei,2020-09-05,145.0,0.0,0.14300000000000002,3.0,0.0,0.0,331.441,0.0,0.327,6.857,0.0,0.0,0.0,,,,,,,,,,,,,,,,,,,,,,,37.96,437483.0,81.347,32.4,4.591,2.3819999999999997,71809.25099999999,,201.285,12.79,2.0,30.9,,2.7,75.86,0.853
181,7972,BRN,Asia,Brunei,2020-09-06,145.0,0.0,0.14300000000000002,3.0,0.0,0.0,331.441,0.0,0.327,6.857,0.0,0.0,0.0,,,,,,,,,,,,,,,,,,,,,,,37.96,437483.0,81.347,32.4,4.591,2.3819999999999997,71809.25099999999,,201.285,12.79,2.0,30.9,,2.7,75.86,0.853
182,7973,BRN,Asia,Brunei,2020-09-07,145.0,0.0,0.14300000000000002,3.0,0.0,0.0,331.441,0.0,0.327,6.857,0.0,0.0,0.0,,,,,,,,,,,,,,,,,,,,,,,37.96,437483.0,81.347,32.4,4.591,2.3819999999999997,71809.25099999999,,201.285,12.79,2.0,30.9,,2.7,75.86,0.853
183,7974,BRN,Asia,Brunei,2020-09-08,145.0,0.0,0.14300000000000002,3.0,0.0,0.0,331.441,0.0,0.327,6.857,0.0,0.0,0.0,,,,,,,,,,,,,,,,,,,,,,,37.96,437483.0,81.347,32.4,4.591,2.3819999999999997,71809.25099999999,,201.285,12.79,2.0,30.9,,2.7,75.86,0.853
184,7975,BRN,Asia,Brunei,2020-09-09,145.0,0.0,0.14300000000000002,3.0,0.0,0.0,331.441,0.0,0.327,6.857,0.0,0.0,0.0,,,,,,,,,,,,,,,,,,,,,,,37.96,437483.0,81.347,32.4,4.591,2.3819999999999997,71809.25099999999,,201.285,12.79,2.0,30.9,,2.7,75.86,0.853
185,7976,BRN,Asia,Brunei,2020-09-10,145.0,0.0,0.0,3.0,0.0,0.0,331.441,0.0,0.0,6.857,0.0,0.0,0.0,,,,,,,,,,,,,,,,,,,,,,,37.96,437483.0,81.347,32.4,4.591,2.3819999999999997,71809.25099999999,,201.285,12.79,2.0,30.9,,2.7,75.86,0.853
186,7977,BRN,Asia,Brunei,2020-09-11,145.0,0.0,0.0,3.0,0.0,0.0,331.441,0.0,0.0,6.857,0.0,0.0,0.0,,,,,,,,,,,,,,,,,,,,,,,37.96,437483.0,81.347,32.4,4.591,2.3819999999999997,71809.25099999999,,201.285,12.79,2.0,30.9,,2.7,75.86,0.853
187,7978,BRN,Asia,Brunei,2020-09-12,145.0,0.0,0.0,3.0,0.0,0.0,331.441,0.0,0.0,6.857,0.0,0.0,-0.0,,,,,,,,,,,,,,,,,,,,,,,37.96,437483.0,81.347,32.4,4.591,2.3819999999999997,71809.25099999999,,201.285,12.79,2.0,30.9,,2.7,75.86,0.853
188,7979,BRN,Asia,Brunei,2020-09-13,145.0,0.0,0.0,3.0,0.0,0.0,331.441,0.0,0.0,6.857,0.0,0.0,0.0,,,,,,,,,,,,,,,,,,,,,,,37.96,437483.0,81.347,32.4,4.591,2.3819999999999997,71809.25099999999,,201.285,12.79,2.0,30.9,,2.7,75.86,0.853
189,7980,BRN,Asia,Brunei,2020-09-14,145.0,0.0,0.0,3.0,0.0,0.0,331.441,0.0,0.0,6.857,0.0,0.0,0.0,,,,,,,,,,,,,,,,,,,,,,,37.96,437483.0,81.347,32.4,4.591,2.3819999999999997,71809.25099999999,,201.285,12.79,2.0,30.9,,2.7,75.86,0.853
190,7981,BRN,Asia,Brunei,2020-09-15,145.0,0.0,0.0,3.0,0.0,0.0,331.441,0.0,0.0,6.857,0.0,0.0,0.0,,,,,,,,,,,,,,,,,,,,,,,35.19,437483.0,81.347,32.4,4.591,2.3819999999999997,71809.25099999999,,201.285,12.79,2.0,30.9,,2.7,75.86,0.853
191,7982,BRN,Asia,Brunei,2020-09-16,145.0,0.0,0.0,3.0,0.0,0.0,331.441,0.0,0.0,6.857,0.0,0.0,0.0,,,,,,,,,,,,,,,,,,,,,,,35.19,437483.0,81.347,32.4,4.591,2.3819999999999997,71809.25099999999,,201.285,12.79,2.0,30.9,,2.7,75.86,0.853
192,7983,BRN,Asia,Brunei,2020-09-17,145.0,0.0,0.0,3.0,0.0,0.0,331.441,0.0,0.0,6.857,0.0,0.0,0.0,,,,,,,,,,,,,,,,,,,,,,,35.19,437483.0,81.347,32.4,4.591,2.3819999999999997,71809.25099999999,,201.285,12.79,2.0,30.9,,2.7,75.86,0.853
193,7984,BRN,Asia,Brunei,2020-09-18,145.0,0.0,0.0,3.0,0.0,0.0,331.441,0.0,0.0,6.857,0.0,0.0,0.0,,,,,,,,,,,,,,,,,,,,,,,35.19,437483.0,81.347,32.4,4.591,2.3819999999999997,71809.25099999999,,201.285,12.79,2.0,30.9,,2.7,75.86,0.853
194,7985,BRN,Asia,Brunei,2020-09-19,145.0,0.0,0.0,3.0,0.0,0.0,331.441,0.0,0.0,6.857,0.0,0.0,0.0,,,,,,,,,,,,,,,,,,,,,,,35.19,437483.0,81.347,32.4,4.591,2.3819999999999997,71809.25099999999,,201.285,12.79,2.0,30.9,,2.7,75.86,0.853
195,7986,BRN,Asia,Brunei,2020-09-20,145.0,0.0,0.0,3.0,0.0,0.0,331.441,0.0,0.0,6.857,0.0,0.0,0.0,,,,,,,,,,,,,,,,,,,,,,,35.19,437483.0,81.347,32.4,4.591,2.3819999999999997,71809.25099999999,,201.285,12.79,2.0,30.9,,2.7,75.86,0.853
196,7987,BRN,Asia,Brunei,2020-09-21,145.0,0.0,0.0,3.0,0.0,0.0,331.441,0.0,0.0,6.857,0.0,0.0,0.0,,,,,,,,,,,,,,,,,,,,,,,35.19,437483.0,81.347,32.4,4.591,2.3819999999999997,71809.25099999999,,201.285,12.79,2.0,30.9,,2.7,75.86,0.853
197,7988,BRN,Asia,Brunei,2020-09-22,145.0,0.0,0.0,3.0,0.0,0.0,331.441,0.0,0.0,6.857,0.0,0.0,-0.0,,,,,,,,,,,,,,,,,,,,,,,35.19,437483.0,81.347,32.4,4.591,2.3819999999999997,71809.25099999999,,201.285,12.79,2.0,30.9,,2.7,75.86,0.853
198,7989,BRN,Asia,Brunei,2020-09-23,145.0,0.0,0.0,3.0,0.0,0.0,331.441,0.0,0.0,6.857,0.0,0.0,0.0,,,,,,,,,,,,,,,,,,,,,,,35.19,437483.0,81.347,32.4,4.591,2.3819999999999997,71809.25099999999,,201.285,12.79,2.0,30.9,,2.7,75.86,0.853
199,7990,BRN,Asia,Brunei,2020-09-24,146.0,1.0,0.14300000000000002,3.0,0.0,0.0,333.727,2.286,0.327,6.857,0.0,0.0,0.0,,,,,,,,,,,,,,,,,,,,,,,35.19,437483.0,81.347,32.4,4.591,2.3819999999999997,71809.25099999999,,201.285,12.79,2.0,30.9,,2.7,75.86,0.853
200,7991,BRN,Asia,Brunei,2020-09-25,146.0,0.0,0.14300000000000002,3.0,0.0,0.0,333.727,0.0,0.327,6.857,0.0,0.0,0.0,,,,,,,,,,,,,,,,,,,,,,,35.19,437483.0,81.347,32.4,4.591,2.3819999999999997,71809.25099999999,,201.285,12.79,2.0,30.9,,2.7,75.86,0.853
201,7992,BRN,Asia,Brunei,2020-09-26,146.0,0.0,0.14300000000000002,3.0,0.0,0.0,333.727,0.0,0.327,6.857,0.0,0.0,0.0,,,,,,,,,,,,,,,,,,,,,,,35.19,437483.0,81.347,32.4,4.591,2.3819999999999997,71809.25099999999,,201.285,12.79,2.0,30.9,,2.7,75.86,0.853
202,7993,BRN,Asia,Brunei,2020-09-27,146.0,0.0,0.14300000000000002,3.0,0.0,0.0,333.727,0.0,0.327,6.857,0.0,0.0,0.0,,,,,,,,,,,,,,,,,,,,,,,35.19,437483.0,81.347,32.4,4.591,2.3819999999999997,71809.25099999999,,201.285,12.79,2.0,30.9,,2.7,75.86,0.853
203,7994,BRN,Asia,Brunei,2020-09-28,146.0,0.0,0.14300000000000002,3.0,0.0,0.0,333.727,0.0,0.327,6.857,0.0,0.0,0.0,,,,,,,,,,,,,,,,,,,,,,,35.19,437483.0,81.347,32.4,4.591,2.3819999999999997,71809.25099999999,,201.285,12.79,2.0,30.9,,2.7,75.86,0.853
204,7995,BRN,Asia,Brunei,2020-09-29,146.0,0.0,0.14300000000000002,3.0,0.0,0.0,333.727,0.0,0.327,6.857,0.0,0.0,0.0,,,,,,,,,,,,,,,,,,,,,,,35.19,437483.0,81.347,32.4,4.591,2.3819999999999997,71809.25099999999,,201.285,12.79,2.0,30.9,,2.7,75.86,0.853
205,7996,BRN,Asia,Brunei,2020-09-30,146.0,0.0,0.14300000000000002,3.0,0.0,0.0,333.727,0.0,0.327,6.857,0.0,0.0,0.0,,,,,,,,,,,,,,,,,,,,,,,35.19,437483.0,81.347,32.4,4.591,2.3819999999999997,71809.25099999999,,201.285,12.79,2.0,30.9,,2.7,75.86,0.853
206,7997,BRN,Asia,Brunei,2020-10-01,146.0,0.0,0.0,3.0,0.0,0.0,333.727,0.0,0.0,6.857,0.0,0.0,0.0,,,,,,,,,,,,,,,,,,,,,,,35.19,437483.0,81.347,32.4,4.591,2.3819999999999997,71809.25099999999,,201.285,12.79,2.0,30.9,,2.7,75.86,0.853
207,7998,BRN,Asia,Brunei,2020-10-02,146.0,0.0,0.0,3.0,0.0,0.0,333.727,0.0,0.0,6.857,0.0,0.0,0.0,,,,,,,,,,,,,,,,,,,,,,,35.19,437483.0,81.347,32.4,4.591,2.3819999999999997,71809.25099999999,,201.285,12.79,2.0,30.9,,2.7,75.86,0.853
208,7999,BRN,Asia,Brunei,2020-10-03,146.0,0.0,0.0,3.0,0.0,0.0,333.727,0.0,0.0,6.857,0.0,0.0,0.0,,,,,,,,,,,,,,,,,,,,,,,35.19,437483.0,81.347,32.4,4.591,2.3819999999999997,71809.25099999999,,201.285,12.79,2.0,30.9,,2.7,75.86,0.853
209,8000,BRN,Asia,Brunei,2020-10-04,146.0,0.0,0.0,3.0,0.0,0.0,333.727,0.0,0.0,6.857,0.0,0.0,-0.0,,,,,,,,,,,,,,,,,,,,,,,35.19,437483.0,81.347,32.4,4.591,2.3819999999999997,71809.25099999999,,201.285,12.79,2.0,30.9,,2.7,75.86,0.853
210,8001,BRN,Asia,Brunei,2020-10-05,146.0,0.0,0.0,3.0,0.0,0.0,333.727,0.0,0.0,6.857,0.0,0.0,0.0,,,,,,,,,,,,,,,,,,,,,,,35.19,437483.0,81.347,32.4,4.591,2.3819999999999997,71809.25099999999,,201.285,12.79,2.0,30.9,,2.7,75.86,0.853
211,8002,BRN,Asia,Brunei,2020-10-06,146.0,0.0,0.0,3.0,0.0,0.0,333.727,0.0,0.0,6.857,0.0,0.0,-0.0,,,,,,,,,,,,,,,,,,,,,,,35.19,437483.0,81.347,32.4,4.591,2.3819999999999997,71809.25099999999,,201.285,12.79,2.0,30.9,,2.7,75.86,0.853
212,8003,BRN,Asia,Brunei,2020-10-07,146.0,0.0,0.0,3.0,0.0,0.0,333.727,0.0,0.0,6.857,0.0,0.0,-0.0,,,,,,,,,,,,,,,,,,,,,,,35.19,437483.0,81.347,32.4,4.591,2.3819999999999997,71809.25099999999,,201.285,12.79,2.0,30.9,,2.7,75.86,0.853
213,8004,BRN,Asia,Brunei,2020-10-08,146.0,0.0,0.0,3.0,0.0,0.0,333.727,0.0,0.0,6.857,0.0,0.0,0.0,,,,,,,,,,,,,,,,,,,,,,,35.19,437483.0,81.347,32.4,4.591,2.3819999999999997,71809.25099999999,,201.285,12.79,2.0,30.9,,2.7,75.86,0.853
214,8005,BRN,Asia,Brunei,2020-10-09,146.0,0.0,0.0,3.0,0.0,0.0,333.727,0.0,0.0,6.857,0.0,0.0,0.0,,,,,,,,,,,,,,,,,,,,,,,35.19,437483.0,81.347,32.4,4.591,2.3819999999999997,71809.25099999999,,201.285,12.79,2.0,30.9,,2.7,75.86,0.853
215,8006,BRN,Asia,Brunei,2020-10-10,146.0,0.0,0.0,3.0,0.0,0.0,333.727,0.0,0.0,6.857,0.0,0.0,0.0,,,,,,,,,,,,,,,,,,,,,,,35.19,437483.0,81.347,32.4,4.591,2.3819999999999997,71809.25099999999,,201.285,12.79,2.0,30.9,,2.7,75.86,0.853
216,8007,BRN,Asia,Brunei,2020-10-11,146.0,0.0,0.0,3.0,0.0,0.0,333.727,0.0,0.0,6.857,0.0,0.0,0.0,,,,,,,,,,,,,,,,,,,,,,,35.19,437483.0,81.347,32.4,4.591,2.3819999999999997,71809.25099999999,,201.285,12.79,2.0,30.9,,2.7,75.86,0.853
217,8008,BRN,Asia,Brunei,2020-10-12,146.0,0.0,0.0,3.0,0.0,0.0,333.727,0.0,0.0,6.857,0.0,0.0,-0.0,,,,,,,,,,,,,,,,,,,,,,,35.19,437483.0,81.347,32.4,4.591,2.3819999999999997,71809.25099999999,,201.285,12.79,2.0,30.9,,2.7,75.86,0.853
218,8009,BRN,Asia,Brunei,2020-10-13,146.0,0.0,0.0,3.0,0.0,0.0,333.727,0.0,0.0,6.857,0.0,0.0,0.0,,,,,,,,,,,,,,,,,,,,,,,35.19,437483.0,81.347,32.4,4.591,2.3819999999999997,71809.25099999999,,201.285,12.79,2.0,30.9,,2.7,75.86,0.853
219,8010,BRN,Asia,Brunei,2020-10-14,147.0,1.0,0.14300000000000002,3.0,0.0,0.0,336.01300000000003,2.286,0.327,6.857,0.0,0.0,0.0,,,,,,,,,,,,,,,,,,,,,,,35.19,437483.0,81.347,32.4,4.591,2.3819999999999997,71809.25099999999,,201.285,12.79,2.0,30.9,,2.7,75.86,0.853
220,8011,BRN,Asia,Brunei,2020-10-15,147.0,0.0,0.14300000000000002,3.0,0.0,0.0,336.01300000000003,0.0,0.327,6.857,0.0,0.0,0.0,,,,,,,,,,,,,,,,,,,,,,,35.19,437483.0,81.347,32.4,4.591,2.3819999999999997,71809.25099999999,,201.285,12.79,2.0,30.9,,2.7,75.86,0.853
221,8012,BRN,Asia,Brunei,2020-10-16,147.0,0.0,0.14300000000000002,3.0,0.0,0.0,336.01300000000003,0.0,0.327,6.857,0.0,0.0,0.0,,,,,,,,,,,,,,,,,,,,,,,35.19,437483.0,81.347,32.4,4.591,2.3819999999999997,71809.25099999999,,201.285,12.79,2.0,30.9,,2.7,75.86,0.853
222,8013,BRN,Asia,Brunei,2020-10-17,147.0,0.0,0.14300000000000002,3.0,0.0,0.0,336.01300000000003,0.0,0.327,6.857,0.0,0.0,0.0,,,,,,,,,,,,,,,,,,,,,,,35.19,437483.0,81.347,32.4,4.591,2.3819999999999997,71809.25099999999,,201.285,12.79,2.0,30.9,,2.7,75.86,0.853
223,8014,BRN,Asia,Brunei,2020-10-18,147.0,0.0,0.14300000000000002,3.0,0.0,0.0,336.01300000000003,0.0,0.327,6.857,0.0,0.0,0.0,,,,,,,,,,,,,,,,,,,,,,,35.19,437483.0,81.347,32.4,4.591,2.3819999999999997,71809.25099999999,,201.285,12.79,2.0,30.9,,2.7,75.86,0.853
224,8015,BRN,Asia,Brunei,2020-10-19,147.0,0.0,0.14300000000000002,3.0,0.0,0.0,336.01300000000003,0.0,0.327,6.857,0.0,0.0,0.0,,,,,,,,,,,,,,,,,,,,,,,35.19,437483.0,81.347,32.4,4.591,2.3819999999999997,71809.25099999999,,201.285,12.79,2.0,30.9,,2.7,75.86,0.853
225,8016,BRN,Asia,Brunei,2020-10-20,147.0,0.0,0.14300000000000002,3.0,0.0,0.0,336.01300000000003,0.0,0.327,6.857,0.0,0.0,0.0,,,,,,,,,,,,,,,,,,,,,,,35.19,437483.0,81.347,32.4,4.591,2.3819999999999997,71809.25099999999,,201.285,12.79,2.0,30.9,,2.7,75.86,0.853
226,8017,BRN,Asia,Brunei,2020-10-21,147.0,0.0,0.0,3.0,0.0,0.0,336.01300000000003,0.0,0.0,6.857,0.0,0.0,0.0,,,,,,,,,,,,,,,,,,,,,,,35.19,437483.0,81.347,32.4,4.591,2.3819999999999997,71809.25099999999,,201.285,12.79,2.0,30.9,,2.7,75.86,0.853
227,8018,BRN,Asia,Brunei,2020-10-22,148.0,1.0,0.14300000000000002,3.0,0.0,0.0,338.29900000000004,2.286,0.327,6.857,0.0,0.0,0.0,,,,,,,,,,,,,,,,,,,,,,,35.19,437483.0,81.347,32.4,4.591,2.3819999999999997,71809.25099999999,,201.285,12.79,2.0,30.9,,2.7,75.86,0.853
228,8019,BRN,Asia,Brunei,2020-10-23,148.0,0.0,0.14300000000000002,3.0,0.0,0.0,338.29900000000004,0.0,0.327,6.857,0.0,0.0,0.0,,,,,,,,,,,,,,,,,,,,,,,35.19,437483.0,81.347,32.4,4.591,2.3819999999999997,71809.25099999999,,201.285,12.79,2.0,30.9,,2.7,75.86,0.853
229,8020,BRN,Asia,Brunei,2020-10-24,148.0,0.0,0.14300000000000002,3.0,0.0,0.0,338.29900000000004,0.0,0.327,6.857,0.0,0.0,0.0,,,,,,,,,,,,,,,,,,,,,,,35.19,437483.0,81.347,32.4,4.591,2.3819999999999997,71809.25099999999,,201.285,12.79,2.0,30.9,,2.7,75.86,0.853
230,8021,BRN,Asia,Brunei,2020-10-25,148.0,0.0,0.14300000000000002,3.0,0.0,0.0,338.29900000000004,0.0,0.327,6.857,0.0,0.0,0.0,,,,,,,,,,,,,,,,,,,,,,,35.19,437483.0,81.347,32.4,4.591,2.3819999999999997,71809.25099999999,,201.285,12.79,2.0,30.9,,2.7,75.86,0.853
231,8022,BRN,Asia,Brunei,2020-10-26,148.0,0.0,0.14300000000000002,3.0,0.0,0.0,338.29900000000004,0.0,0.327,6.857,0.0,0.0,0.0,,,,,,,,,,,,,,,,,,,,,,,35.19,437483.0,81.347,32.4,4.591,2.3819999999999997,71809.25099999999,,201.285,12.79,2.0,30.9,,2.7,75.86,0.853
232,8023,BRN,Asia,Brunei,2020-10-27,148.0,0.0,0.14300000000000002,3.0,0.0,0.0,338.29900000000004,0.0,0.327,6.857,0.0,0.0,0.0,,,,,,,,,,,,,,,,,,,,,,,35.19,437483.0,81.347,32.4,4.591,2.3819999999999997,71809.25099999999,,201.285,12.79,2.0,30.9,,2.7,75.86,0.853
233,8024,BRN,Asia,Brunei,2020-10-28,148.0,0.0,0.14300000000000002,3.0,0.0,0.0,338.29900000000004,0.0,0.327,6.857,0.0,0.0,0.0,,,,,,,,,,,,,,,,,,,,,,,35.19,437483.0,81.347,32.4,4.591,2.3819999999999997,71809.25099999999,,201.285,12.79,2.0,30.9,,2.7,75.86,0.853
234,8025,BRN,Asia,Brunei,2020-10-29,148.0,0.0,0.0,3.0,0.0,0.0,338.29900000000004,0.0,0.0,6.857,0.0,0.0,0.0,,,,,,,,,,,,,,,,,,,,,,,35.19,437483.0,81.347,32.4,4.591,2.3819999999999997,71809.25099999999,,201.285,12.79,2.0,30.9,,2.7,75.86,0.853
235,8026,BRN,Asia,Brunei,2020-10-30,148.0,0.0,0.0,3.0,0.0,0.0,338.29900000000004,0.0,0.0,6.857,0.0,0.0,0.0,,,,,,,,,,,,,,,,,,,,,,,35.19,437483.0,81.347,32.4,4.591,2.3819999999999997,71809.25099999999,,201.285,12.79,2.0,30.9,,2.7,75.86,0.853
236,8027,BRN,Asia,Brunei,2020-10-31,148.0,0.0,0.0,3.0,0.0,0.0,338.29900000000004,0.0,0.0,6.857,0.0,0.0,0.0,,,,,,,,,,,,,,,,,,,,,,,35.19,437483.0,81.347,32.4,4.591,2.3819999999999997,71809.25099999999,,201.285,12.79,2.0,30.9,,2.7,75.86,0.853
237,8028,BRN,Asia,Brunei,2020-11-01,148.0,0.0,0.0,3.0,0.0,0.0,338.29900000000004,0.0,0.0,6.857,0.0,0.0,-0.0,,,,,,,,,,,,,,,,,,,,,,,35.19,437483.0,81.347,32.4,4.591,2.3819999999999997,71809.25099999999,,201.285,12.79,2.0,30.9,,2.7,75.86,0.853
238,8029,BRN,Asia,Brunei,2020-11-02,148.0,0.0,0.0,3.0,0.0,0.0,338.29900000000004,0.0,0.0,6.857,0.0,0.0,-0.0,,,,,,,,,,,,,,,,,,,,,,,35.19,437483.0,81.347,32.4,4.591,2.3819999999999997,71809.25099999999,,201.285,12.79,2.0,30.9,,2.7,75.86,0.853
239,8030,BRN,Asia,Brunei,2020-11-03,148.0,0.0,0.0,3.0,0.0,0.0,338.29900000000004,0.0,0.0,6.857,0.0,0.0,-0.0,,,,,,,,,,,,,,,,,,,,,,,35.19,437483.0,81.347,32.4,4.591,2.3819999999999997,71809.25099999999,,201.285,12.79,2.0,30.9,,2.7,75.86,0.853
240,8031,BRN,Asia,Brunei,2020-11-04,148.0,0.0,0.0,3.0,0.0,0.0,338.29900000000004,0.0,0.0,6.857,0.0,0.0,-0.0,,,,,,,,,,,,,,,,,,,,,,,35.19,437483.0,81.347,32.4,4.591,2.3819999999999997,71809.25099999999,,201.285,12.79,2.0,30.9,,2.7,75.86,0.853
241,8032,BRN,Asia,Brunei,2020-11-05,148.0,0.0,0.0,3.0,0.0,0.0,338.29900000000004,0.0,0.0,6.857,0.0,0.0,-0.0,,,,,,,,,,,,,,,,,,,,,,,35.19,437483.0,81.347,32.4,4.591,2.3819999999999997,71809.25099999999,,201.285,12.79,2.0,30.9,,2.7,75.86,0.853
242,8033,BRN,Asia,Brunei,2020-11-06,148.0,0.0,0.0,3.0,0.0,0.0,338.29900000000004,0.0,0.0,6.857,0.0,0.0,-0.0,,,,,,,,,,,,,,,,,,,,,,,35.19,437483.0,81.347,32.4,4.591,2.3819999999999997,71809.25099999999,,201.285,12.79,2.0,30.9,,2.7,75.86,0.853
243,8034,BRN,Asia,Brunei,2020-11-07,148.0,0.0,0.0,3.0,0.0,0.0,338.29900000000004,0.0,0.0,6.857,0.0,0.0,-0.0,,,,,,,,,,,,,,,,,,,,,,,35.19,437483.0,81.347,32.4,4.591,2.3819999999999997,71809.25099999999,,201.285,12.79,2.0,30.9,,2.7,75.86,0.853
244,8035,BRN,Asia,Brunei,2020-11-08,148.0,0.0,0.0,3.0,0.0,0.0,338.29900000000004,0.0,0.0,6.857,0.0,0.0,-0.0,,,,,,,,,,,,,,,,,,,,,,,35.19,437483.0,81.347,32.4,4.591,2.3819999999999997,71809.25099999999,,201.285,12.79,2.0,30.9,,2.7,75.86,0.853
245,8036,BRN,Asia,Brunei,2020-11-09,148.0,0.0,0.0,3.0,0.0,0.0,338.29900000000004,0.0,0.0,6.857,0.0,0.0,-0.0,,,,,,,,,,,,,,,,,,,,,,,35.19,437483.0,81.347,32.4,4.591,2.3819999999999997,71809.25099999999,,201.285,12.79,2.0,30.9,,2.7,75.86,0.853
246,8037,BRN,Asia,Brunei,2020-11-10,148.0,0.0,0.0,3.0,0.0,0.0,338.29900000000004,0.0,0.0,6.857,0.0,0.0,-0.0,,,,,,,,,,,,,,,,,,,,,,,35.19,437483.0,81.347,32.4,4.591,2.3819999999999997,71809.25099999999,,201.285,12.79,2.0,30.9,,2.7,75.86,0.853
247,8038,BRN,Asia,Brunei,2020-11-11,148.0,0.0,0.0,3.0,0.0,0.0,338.29900000000004,0.0,0.0,6.857,0.0,0.0,-0.0,,,,,,,,,,,,,,,,,,,,,,,35.19,437483.0,81.347,32.4,4.591,2.3819999999999997,71809.25099999999,,201.285,12.79,2.0,30.9,,2.7,75.86,0.853
248,8039,BRN,Asia,Brunei,2020-11-12,148.0,0.0,0.0,3.0,0.0,0.0,338.29900000000004,0.0,0.0,6.857,0.0,0.0,0.0,,,,,,,,,,,,,,,,,,,,,,,35.19,437483.0,81.347,32.4,4.591,2.3819999999999997,71809.25099999999,,201.285,12.79,2.0,30.9,,2.7,75.86,0.853
249,8040,BRN,Asia,Brunei,2020-11-13,148.0,0.0,0.0,3.0,0.0,0.0,338.29900000000004,0.0,0.0,6.857,0.0,0.0,0.0,,,,,,,,,,,,,,,,,,,,,,,35.19,437483.0,81.347,32.4,4.591,2.3819999999999997,71809.25099999999,,201.285,12.79,2.0,30.9,,2.7,75.86,0.853
250,8041,BRN,Asia,Brunei,2020-11-14,148.0,0.0,0.0,3.0,0.0,0.0,338.29900000000004,0.0,0.0,6.857,0.0,0.0,0.0,,,,,,,,,,,,,,,,,,,,,,,35.19,437483.0,81.347,32.4,4.591,2.3819999999999997,71809.25099999999,,201.285,12.79,2.0,30.9,,2.7,75.86,0.853
251,8042,BRN,Asia,Brunei,2020-11-15,148.0,0.0,0.0,3.0,0.0,0.0,338.29900000000004,0.0,0.0,6.857,0.0,0.0,0.0,,,,,,,,,,,,,,,,,,,,,,,35.19,437483.0,81.347,32.4,4.591,2.3819999999999997,71809.25099999999,,201.285,12.79,2.0,30.9,,2.7,75.86,0.853
252,8043,BRN,Asia,Brunei,2020-11-16,148.0,0.0,0.0,3.0,0.0,0.0,338.29900000000004,0.0,0.0,6.857,0.0,0.0,0.0,,,,,,,,,,,,,,,,,,,,,,,35.19,437483.0,81.347,32.4,4.591,2.3819999999999997,71809.25099999999,,201.285,12.79,2.0,30.9,,2.7,75.86,0.853
253,8044,BRN,Asia,Brunei,2020-11-17,148.0,0.0,0.0,3.0,0.0,0.0,338.29900000000004,0.0,0.0,6.857,0.0,0.0,0.0,,,,,,,,,,,,,,,,,,,,,,,35.19,437483.0,81.347,32.4,4.591,2.3819999999999997,71809.25099999999,,201.285,12.79,2.0,30.9,,2.7,75.86,0.853
254,8045,BRN,Asia,Brunei,2020-11-18,148.0,0.0,0.0,3.0,0.0,0.0,338.29900000000004,0.0,0.0,6.857,0.0,0.0,0.0,,,,,,,,,,,,,,,,,,,,,,,35.19,437483.0,81.347,32.4,4.591,2.3819999999999997,71809.25099999999,,201.285,12.79,2.0,30.9,,2.7,75.86,0.853
255,8046,BRN,Asia,Brunei,2020-11-19,148.0,0.0,0.0,3.0,0.0,0.0,338.29900000000004,0.0,0.0,6.857,0.0,0.0,0.0,,,,,,,,,,,,,,,,,,,,,,,35.19,437483.0,81.347,32.4,4.591,2.3819999999999997,71809.25099999999,,201.285,12.79,2.0,30.9,,2.7,75.86,0.853
256,8047,BRN,Asia,Brunei,2020-11-20,148.0,0.0,0.0,3.0,0.0,0.0,338.29900000000004,0.0,0.0,6.857,0.0,0.0,0.0,,,,,,,,,,,,,,,,,,,,,,,35.19,437483.0,81.347,32.4,4.591,2.3819999999999997,71809.25099999999,,201.285,12.79,2.0,30.9,,2.7,75.86,0.853
257,8048,BRN,Asia,Brunei,2020-11-21,148.0,0.0,0.0,3.0,0.0,0.0,338.29900000000004,0.0,0.0,6.857,0.0,0.0,0.0,,,,,,,,,,,,,,,,,,,,,,,35.19,437483.0,81.347,32.4,4.591,2.3819999999999997,71809.25099999999,,201.285,12.79,2.0,30.9,,2.7,75.86,0.853
258,8049,BRN,Asia,Brunei,2020-11-22,148.0,0.0,0.0,3.0,0.0,0.0,338.29900000000004,0.0,0.0,6.857,0.0,0.0,0.0,,,,,,,,,,,,,,,,,,,,,,,35.19,437483.0,81.347,32.4,4.591,2.3819999999999997,71809.25099999999,,201.285,12.79,2.0,30.9,,2.7,75.86,0.853
259,8050,BRN,Asia,Brunei,2020-11-23,149.0,1.0,0.14300000000000002,3.0,0.0,0.0,340.585,2.286,0.327,6.857,0.0,0.0,0.0,,,,,,,,,,,,,,,,,,,,,,,35.19,437483.0,81.347,32.4,4.591,2.3819999999999997,71809.25099999999,,201.285,12.79,2.0,30.9,,2.7,75.86,0.853
260,8051,BRN,Asia,Brunei,2020-11-24,150.0,1.0,0.28600000000000003,3.0,0.0,0.0,342.87,2.286,0.653,6.857,0.0,0.0,0.0,,,,,,,,,,,,,,,,,,,,,,,35.19,437483.0,81.347,32.4,4.591,2.3819999999999997,71809.25099999999,,201.285,12.79,2.0,30.9,,2.7,75.86,0.853
261,8052,BRN,Asia,Brunei,2020-11-25,150.0,0.0,0.28600000000000003,3.0,0.0,0.0,342.87,0.0,0.653,6.857,0.0,0.0,0.0,,,,,,,,,,,,,,,,,,,,,,,35.19,437483.0,81.347,32.4,4.591,2.3819999999999997,71809.25099999999,,201.285,12.79,2.0,30.9,,2.7,75.86,0.853
262,8053,BRN,Asia,Brunei,2020-11-26,150.0,0.0,0.28600000000000003,3.0,0.0,0.0,342.87,0.0,0.653,6.857,0.0,0.0,0.0,,,,,,,,,,,,,,,,,,,,,,,35.19,437483.0,81.347,32.4,4.591,2.3819999999999997,71809.25099999999,,201.285,12.79,2.0,30.9,,2.7,75.86,0.853
263,8054,BRN,Asia,Brunei,2020-11-27,150.0,0.0,0.28600000000000003,3.0,0.0,0.0,342.87,0.0,0.653,6.857,0.0,0.0,0.0,,,,,,,,,,,,,,,,,,,,,,,35.19,437483.0,81.347,32.4,4.591,2.3819999999999997,71809.25099999999,,201.285,12.79,2.0,30.9,,2.7,75.86,0.853
264,8055,BRN,Asia,Brunei,2020-11-28,150.0,0.0,0.28600000000000003,3.0,0.0,0.0,342.87,0.0,0.653,6.857,0.0,0.0,0.0,,,,,,,,,,,,,,,,,,,,,,,35.19,437483.0,81.347,32.4,4.591,2.3819999999999997,71809.25099999999,,201.285,12.79,2.0,30.9,,2.7,75.86,0.853
265,8056,BRN,Asia,Brunei,2020-11-29,150.0,0.0,0.28600000000000003,3.0,0.0,0.0,342.87,0.0,0.653,6.857,0.0,0.0,0.0,,,,,,,,,,,,,,,,,,,,,,,35.19,437483.0,81.347,32.4,4.591,2.3819999999999997,71809.25099999999,,201.285,12.79,2.0,30.9,,2.7,75.86,0.853
266,8057,BRN,Asia,Brunei,2020-11-30,150.0,0.0,0.14300000000000002,3.0,0.0,0.0,342.87,0.0,0.327,6.857,0.0,0.0,0.0,,,,,,,,,,,,,,,,,,,,,,,35.19,437483.0,81.347,32.4,4.591,2.3819999999999997,71809.25099999999,,201.285,12.79,2.0,30.9,,2.7,75.86,0.853
267,8058,BRN,Asia,Brunei,2020-12-01,151.0,1.0,0.14300000000000002,3.0,0.0,0.0,345.156,2.286,0.327,6.857,0.0,0.0,0.0,,,,,,,,,,,,,,,,,,,,,,,35.19,437483.0,81.347,32.4,4.591,2.3819999999999997,71809.25099999999,,201.285,12.79,2.0,30.9,,2.7,75.86,0.853
268,8059,BRN,Asia,Brunei,2020-12-02,151.0,0.0,0.14300000000000002,3.0,0.0,0.0,345.156,0.0,0.327,6.857,0.0,0.0,0.0,,,,,,,,,,,,,,,,,,,,,,,35.19,437483.0,81.347,32.4,4.591,2.3819999999999997,71809.25099999999,,201.285,12.79,2.0,30.9,,2.7,75.86,0.853
269,8060,BRN,Asia,Brunei,2020-12-03,151.0,0.0,0.14300000000000002,3.0,0.0,0.0,345.156,0.0,0.327,6.857,0.0,0.0,0.0,,,,,,,,,,,,,,,,,,,,,,,35.19,437483.0,81.347,32.4,4.591,2.3819999999999997,71809.25099999999,,201.285,12.79,2.0,30.9,,2.7,75.86,0.853
270,8061,BRN,Asia,Brunei,2020-12-04,151.0,0.0,0.14300000000000002,3.0,0.0,0.0,345.156,0.0,0.327,6.857,0.0,0.0,0.0,,,,,,,,,,,,,,,,,,,,,,,35.19,437483.0,81.347,32.4,4.591,2.3819999999999997,71809.25099999999,,201.285,12.79,2.0,30.9,,2.7,75.86,0.853
271,8062,BRN,Asia,Brunei,2020-12-05,151.0,0.0,0.14300000000000002,3.0,0.0,0.0,345.156,0.0,0.327,6.857,0.0,0.0,0.0,,,,,,,,,,,,,,,,,,,,,,,35.19,437483.0,81.347,32.4,4.591,2.3819999999999997,71809.25099999999,,201.285,12.79,2.0,30.9,,2.7,75.86,0.853
272,8063,BRN,Asia,Brunei,2020-12-06,151.0,0.0,0.14300000000000002,3.0,0.0,0.0,345.156,0.0,0.327,6.857,0.0,0.0,0.0,,,,,,,,,,,,,,,,,,,,,,,35.19,437483.0,81.347,32.4,4.591,2.3819999999999997,71809.25099999999,,201.285,12.79,2.0,30.9,,2.7,75.86,0.853
273,8064,BRN,Asia,Brunei,2020-12-07,151.0,0.0,0.14300000000000002,3.0,0.0,0.0,345.156,0.0,0.327,6.857,0.0,0.0,0.0,,,,,,,,,,,,,,,,,,,,,,,35.19,437483.0,81.347,32.4,4.591,2.3819999999999997,71809.25099999999,,201.285,12.79,2.0,30.9,,2.7,75.86,0.853
274,8065,BRN,Asia,Brunei,2020-12-08,152.0,1.0,0.14300000000000002,3.0,0.0,0.0,347.44199999999995,2.286,0.327,6.857,0.0,0.0,0.0,,,,,,,,,,,,,,,,,,,,,,,35.19,437483.0,81.347,32.4,4.591,2.3819999999999997,71809.25099999999,,201.285,12.79,2.0,30.9,,2.7,75.86,0.853
275,8066,BRN,Asia,Brunei,2020-12-09,152.0,0.0,0.14300000000000002,3.0,0.0,0.0,347.44199999999995,0.0,0.327,6.857,0.0,0.0,0.0,,,,,,,,,,,,,,,,,,,,,,,35.19,437483.0,81.347,32.4,4.591,2.3819999999999997,71809.25099999999,,201.285,12.79,2.0,30.9,,2.7,75.86,0.853
276,8067,BRN,Asia,Brunei,2020-12-10,152.0,0.0,0.14300000000000002,3.0,0.0,0.0,347.44199999999995,0.0,0.327,6.857,0.0,0.0,0.0,,,,,,,,,,,,,,,,,,,,,,,35.19,437483.0,81.347,32.4,4.591,2.3819999999999997,71809.25099999999,,201.285,12.79,2.0,30.9,,2.7,75.86,0.853
277,8068,BRN,Asia,Brunei,2020-12-11,152.0,0.0,0.14300000000000002,3.0,0.0,0.0,347.44199999999995,0.0,0.327,6.857,0.0,0.0,0.0,,,,,,,,,,,,,,,,,,,,,,,35.19,437483.0,81.347,32.4,4.591,2.3819999999999997,71809.25099999999,,201.285,12.79,2.0,30.9,,2.7,75.86,0.853
278,8069,BRN,Asia,Brunei,2020-12-12,152.0,0.0,0.14300000000000002,3.0,0.0,0.0,347.44199999999995,0.0,0.327,6.857,0.0,0.0,0.0,,,,,,,,,,,,,,,,,,,,,,,35.19,437483.0,81.347,32.4,4.591,2.3819999999999997,71809.25099999999,,201.285,12.79,2.0,30.9,,2.7,75.86,0.853
279,8070,BRN,Asia,Brunei,2020-12-13,152.0,0.0,0.14300000000000002,3.0,0.0,0.0,347.44199999999995,0.0,0.327,6.857,0.0,0.0,0.0,,,,,,,,,,,,,,,,,,,,,,,35.19,437483.0,81.347,32.4,4.591,2.3819999999999997,71809.25099999999,,201.285,12.79,2.0,30.9,,2.7,75.86,0.853
280,8071,BRN,Asia,Brunei,2020-12-14,152.0,0.0,0.14300000000000002,3.0,0.0,0.0,347.44199999999995,0.0,0.327,6.857,0.0,0.0,0.0,,,,,,,,,,,,,,,,,,,,,,,35.19,437483.0,81.347,32.4,4.591,2.3819999999999997,71809.25099999999,,201.285,12.79,2.0,30.9,,2.7,75.86,0.853
281,8072,BRN,Asia,Brunei,2020-12-15,152.0,0.0,0.0,3.0,0.0,0.0,347.44199999999995,0.0,0.0,6.857,0.0,0.0,0.0,,,,,,,,,,,,,,,,,,,,,,,35.19,437483.0,81.347,32.4,4.591,2.3819999999999997,71809.25099999999,,201.285,12.79,2.0,30.9,,2.7,75.86,0.853
282,8073,BRN,Asia,Brunei,2020-12-16,152.0,0.0,0.0,3.0,0.0,0.0,347.44199999999995,0.0,0.0,6.857,0.0,0.0,0.01,,,,,,,,,,,,,,,,,,,,,,,35.19,437483.0,81.347,32.4,4.591,2.3819999999999997,71809.25099999999,,201.285,12.79,2.0,30.9,,2.7,75.86,0.853
283,8074,BRN,Asia,Brunei,2020-12-17,152.0,0.0,0.0,3.0,0.0,0.0,347.44199999999995,0.0,0.0,6.857,0.0,0.0,0.01,,,,,,,,,,,,,,,,,,,,,,,35.19,437483.0,81.347,32.4,4.591,2.3819999999999997,71809.25099999999,,201.285,12.79,2.0,30.9,,2.7,75.86,0.853
284,8075,BRN,Asia,Brunei,2020-12-18,152.0,0.0,0.0,3.0,0.0,0.0,347.44199999999995,0.0,0.0,6.857,0.0,0.0,0.01,,,,,,,,,,,,,,,,,,,,,,,35.19,437483.0,81.347,32.4,4.591,2.3819999999999997,71809.25099999999,,201.285,12.79,2.0,30.9,,2.7,75.86,0.853
285,8076,BRN,Asia,Brunei,2020-12-19,152.0,0.0,0.0,3.0,0.0,0.0,347.44199999999995,0.0,0.0,6.857,0.0,0.0,0.01,,,,,,,,,,,,,,,,,,,,,,,35.19,437483.0,81.347,32.4,4.591,2.3819999999999997,71809.25099999999,,201.285,12.79,2.0,30.9,,2.7,75.86,0.853
286,8077,BRN,Asia,Brunei,2020-12-20,152.0,0.0,0.0,3.0,0.0,0.0,347.44199999999995,0.0,0.0,6.857,0.0,0.0,0.01,,,,,,,,,,,,,,,,,,,,,,,35.19,437483.0,81.347,32.4,4.591,2.3819999999999997,71809.25099999999,,201.285,12.79,2.0,30.9,,2.7,75.86,0.853
287,8078,BRN,Asia,Brunei,2020-12-21,152.0,0.0,0.0,3.0,0.0,0.0,347.44199999999995,0.0,0.0,6.857,0.0,0.0,0.01,,,,,,,,,,,,,,,,,,,,,,,35.19,437483.0,81.347,32.4,4.591,2.3819999999999997,71809.25099999999,,201.285,12.79,2.0,30.9,,2.7,75.86,0.853
288,8079,BRN,Asia,Brunei,2020-12-22,152.0,0.0,0.0,3.0,0.0,0.0,347.44199999999995,0.0,0.0,6.857,0.0,0.0,0.01,,,,,,,,,,,,,,,,,,,,,,,35.19,437483.0,81.347,32.4,4.591,2.3819999999999997,71809.25099999999,,201.285,12.79,2.0,30.9,,2.7,75.86,0.853
289,8080,BRN,Asia,Brunei,2020-12-23,152.0,0.0,0.0,3.0,0.0,0.0,347.44199999999995,0.0,0.0,6.857,0.0,0.0,0.01,,,,,,,,,,,,,,,,,,,,,,,35.19,437483.0,81.347,32.4,4.591,2.3819999999999997,71809.25099999999,,201.285,12.79,2.0,30.9,,2.7,75.86,0.853
290,8081,BRN,Asia,Brunei,2020-12-24,152.0,0.0,0.0,3.0,0.0,0.0,347.44199999999995,0.0,0.0,6.857,0.0,0.0,0.01,,,,,,,,,,,,,,,,,,,,,,,35.19,437483.0,81.347,32.4,4.591,2.3819999999999997,71809.25099999999,,201.285,12.79,2.0,30.9,,2.7,75.86,0.853
291,8082,BRN,Asia,Brunei,2020-12-25,152.0,0.0,0.0,3.0,0.0,0.0,347.44199999999995,0.0,0.0,6.857,0.0,0.0,0.01,,,,,,,,,,,,,,,,,,,,,,,35.19,437483.0,81.347,32.4,4.591,2.3819999999999997,71809.25099999999,,201.285,12.79,2.0,30.9,,2.7,75.86,0.853
292,8083,BRN,Asia,Brunei,2020-12-26,152.0,0.0,0.0,3.0,0.0,0.0,347.44199999999995,0.0,0.0,6.857,0.0,0.0,0.02,,,,,,,,,,,,,,,,,,,,,,,35.19,437483.0,81.347,32.4,4.591,2.3819999999999997,71809.25099999999,,201.285,12.79,2.0,30.9,,2.7,75.86,0.853
293,8084,BRN,Asia,Brunei,2020-12-27,152.0,0.0,0.0,3.0,0.0,0.0,347.44199999999995,0.0,0.0,6.857,0.0,0.0,0.02,,,,,,,,,,,,,,,,,,,,,,,35.19,437483.0,81.347,32.4,4.591,2.3819999999999997,71809.25099999999,,201.285,12.79,2.0,30.9,,2.7,75.86,0.853
294,8085,BRN,Asia,Brunei,2020-12-28,152.0,0.0,0.0,3.0,0.0,0.0,347.44199999999995,0.0,0.0,6.857,0.0,0.0,0.02,,,,,,,,,,,,,,,,,,,,,,,35.19,437483.0,81.347,32.4,4.591,2.3819999999999997,71809.25099999999,,201.285,12.79,2.0,30.9,,2.7,75.86,0.853
295,8086,BRN,Asia,Brunei,2020-12-29,152.0,0.0,0.0,3.0,0.0,0.0,347.44199999999995,0.0,0.0,6.857,0.0,0.0,0.02,,,,,,,,,,,,,,,,,,,,,,,35.19,437483.0,81.347,32.4,4.591,2.3819999999999997,71809.25099999999,,201.285,12.79,2.0,30.9,,2.7,75.86,0.853
296,8087,BRN,Asia,Brunei,2020-12-30,157.0,5.0,0.7140000000000001,3.0,0.0,0.0,358.871,11.429,1.633,6.857,0.0,0.0,0.03,,,,,,,,,,,,,,,,,,,,,,,35.19,437483.0,81.347,32.4,4.591,2.3819999999999997,71809.25099999999,,201.285,12.79,2.0,30.9,,2.7,75.86,0.853
297,8088,BRN,Asia,Brunei,2020-12-31,157.0,0.0,0.7140000000000001,3.0,0.0,0.0,358.871,0.0,1.633,6.857,0.0,0.0,0.03,,,,,,,,,,,,,,,,,,,,,,,35.19,437483.0,81.347,32.4,4.591,2.3819999999999997,71809.25099999999,,201.285,12.79,2.0,30.9,,2.7,75.86,0.853
298,8089,BRN,Asia,Brunei,2021-01-01,157.0,0.0,0.7140000000000001,3.0,0.0,0.0,358.871,0.0,1.633,6.857,0.0,0.0,0.03,,,,,,,,,,,,,,,,,,,,,,,35.19,437483.0,81.347,32.4,4.591,2.3819999999999997,71809.25099999999,,201.285,12.79,2.0,30.9,,2.7,75.86,0.853
299,8090,BRN,Asia,Brunei,2021-01-02,157.0,0.0,0.7140000000000001,3.0,0.0,0.0,358.871,0.0,1.633,6.857,0.0,0.0,0.04,,,,,,,,,,,,,,,,,,,,,,,35.19,437483.0,81.347,32.4,4.591,2.3819999999999997,71809.25099999999,,201.285,12.79,2.0,30.9,,2.7,75.86,0.853
300,8091,BRN,Asia,Brunei,2021-01-03,172.0,15.0,2.8569999999999998,3.0,0.0,0.0,393.158,34.287,6.531000000000001,6.857,0.0,0.0,0.04,,,,,,,,,,,,,,,,,,,,,,,35.19,437483.0,81.347,32.4,4.591,2.3819999999999997,71809.25099999999,,201.285,12.79,2.0,30.9,,2.7,75.86,0.853
301,8092,BRN,Asia,Brunei,2021-01-04,172.0,0.0,2.8569999999999998,3.0,0.0,0.0,393.158,0.0,6.531000000000001,6.857,0.0,0.0,0.05,,,,,,,,,,,,,,,,,,,,,,,35.19,437483.0,81.347,32.4,4.591,2.3819999999999997,71809.25099999999,,201.285,12.79,2.0,30.9,,2.7,75.86,0.853
302,8093,BRN,Asia,Brunei,2021-01-05,172.0,0.0,2.8569999999999998,3.0,0.0,0.0,393.158,0.0,6.531000000000001,6.857,0.0,0.0,0.05,,,,,,,,,,,,,,,,,,,,,,,35.19,437483.0,81.347,32.4,4.591,2.3819999999999997,71809.25099999999,,201.285,12.79,2.0,30.9,,2.7,75.86,0.853
303,8094,BRN,Asia,Brunei,2021-01-06,172.0,0.0,2.1430000000000002,3.0,0.0,0.0,393.158,0.0,4.898,6.857,0.0,0.0,0.06,,,,,,,,,,,,,,,,,,,,,,,35.19,437483.0,81.347,32.4,4.591,2.3819999999999997,71809.25099999999,,201.285,12.79,2.0,30.9,,2.7,75.86,0.853
304,8095,BRN,Asia,Brunei,2021-01-07,173.0,1.0,2.286,3.0,0.0,0.0,395.444,2.286,5.225,6.857,0.0,0.0,0.07,,,,,,,,,,,,,,,,,,,,,,,35.19,437483.0,81.347,32.4,4.591,2.3819999999999997,71809.25099999999,,201.285,12.79,2.0,30.9,,2.7,75.86,0.853
305,8096,BRN,Asia,Brunei,2021-01-08,173.0,0.0,2.286,3.0,0.0,0.0,395.444,0.0,5.225,6.857,0.0,0.0,0.07,,,,,,,,,,,,,,,,,,,,,,,35.19,437483.0,81.347,32.4,4.591,2.3819999999999997,71809.25099999999,,201.285,12.79,2.0,30.9,,2.7,75.86,0.853
306,8097,BRN,Asia,Brunei,2021-01-09,173.0,0.0,2.286,3.0,0.0,0.0,395.444,0.0,5.225,6.857,0.0,0.0,,,,,,,,,,,,,,,,,,,,,,,,35.19,437483.0,81.347,32.4,4.591,2.3819999999999997,71809.25099999999,,201.285,12.79,2.0,30.9,,2.7,75.86,0.853
307,8098,BRN,Asia,Brunei,2021-01-10,173.0,0.0,0.14300000000000002,3.0,0.0,0.0,395.444,0.0,0.327,6.857,0.0,0.0,,,,,,,,,,,,,,,,,,,,,,,,35.19,437483.0,81.347,32.4,4.591,2.3819999999999997,71809.25099999999,,201.285,12.79,2.0,30.9,,2.7,75.86,0.853
308,8099,BRN,Asia,Brunei,2021-01-11,173.0,0.0,0.14300000000000002,3.0,0.0,0.0,395.444,0.0,0.327,6.857,0.0,0.0,,,,,,,,,,,,,,,,,,,,,,,,35.19,437483.0,81.347,32.4,4.591,2.3819999999999997,71809.25099999999,,201.285,12.79,2.0,30.9,,2.7,75.86,0.853
309,8100,BRN,Asia,Brunei,2021-01-12,174.0,1.0,0.28600000000000003,3.0,0.0,0.0,397.73,2.286,0.653,6.857,0.0,0.0,,,,,,,,,,,,,,,,,,,,,,,,,437483.0,81.347,32.4,4.591,2.3819999999999997,71809.25099999999,,201.285,12.79,2.0,30.9,,2.7,75.86,0.853
310,8101,BRN,Asia,Brunei,2021-01-13,174.0,0.0,0.28600000000000003,3.0,0.0,0.0,397.73,0.0,0.653,6.857,0.0,0.0,,,,,,,,,,,,,,,,,,,,,,,,,437483.0,81.347,32.4,4.591,2.3819999999999997,71809.25099999999,,201.285,12.79,2.0,30.9,,2.7,75.86,0.853
311,8102,BRN,Asia,Brunei,2021-01-14,174.0,0.0,0.14300000000000002,3.0,0.0,0.0,397.73,0.0,0.327,6.857,0.0,0.0,,,,,,,,,,,,,,,,,,,,,,,,,437483.0,81.347,32.4,4.591,2.3819999999999997,71809.25099999999,,201.285,12.79,2.0,30.9,,2.7,75.86,0.853
312,8103,BRN,Asia,Brunei,2021-01-15,174.0,0.0,0.14300000000000002,3.0,0.0,0.0,397.73,0.0,0.327,6.857,0.0,0.0,,,,,,,,,,,,,,,,,,,,,,,,,437483.0,81.347,32.4,4.591,2.3819999999999997,71809.25099999999,,201.285,12.79,2.0,30.9,,2.7,75.86,0.853
313,8104,BRN,Asia,Brunei,2021-01-16,174.0,0.0,0.14300000000000002,3.0,0.0,0.0,397.73,0.0,0.327,6.857,0.0,0.0,,,,,,,,,,,,,,,,,,,,,,,,,437483.0,81.347,32.4,4.591,2.3819999999999997,71809.25099999999,,201.285,12.79,2.0,30.9,,2.7,75.86,0.853
314,8105,BRN,Asia,Brunei,2021-01-17,174.0,0.0,0.14300000000000002,3.0,0.0,0.0,397.73,0.0,0.327,6.857,0.0,0.0,,,,,,,,,,,,,,,,,,,,,,,,,437483.0,81.347,32.4,4.591,2.3819999999999997,71809.25099999999,,201.285,12.79,2.0,30.9,,2.7,75.86,0.853
315,8106,BRN,Asia,Brunei,2021-01-18,174.0,0.0,0.14300000000000002,3.0,0.0,0.0,397.73,0.0,0.327,6.857,0.0,0.0,,,,,,,,,,,,,,,,,,,,,,,,,437483.0,81.347,32.4,4.591,2.3819999999999997,71809.25099999999,,201.285,12.79,2.0,30.9,,2.7,75.86,0.853
316,8107,BRN,Asia,Brunei,2021-01-19,174.0,0.0,0.0,3.0,0.0,0.0,397.73,0.0,0.0,6.857,0.0,0.0,,,,,,,,,,,,,,,,,,,,,,,,,437483.0,81.347,32.4,4.591,2.3819999999999997,71809.25099999999,,201.285,12.79,2.0,30.9,,2.7,75.86,0.853
